Customer ID,Churn_New,Previous Purchases,Subscription Status,Purchase Amount (USD)
1,0,14,Yes,53
2,0,2,Yes,64
3,0,23,Yes,73
4,0,49,Yes,90
5,1,31,Yes,49
6,0,14,Yes,20
7,0,49,Yes,85
8,0,19,Yes,34
9,1,8,Yes,97
10,1,4,Yes,31
11,0,26,Yes,34
12,0,10,Yes,68
13,0,37,Yes,72
14,0,31,Yes,51
15,0,34,Yes,53
16,0,8,Yes,81
17,0,44,Yes,36
18,1,36,Yes,38
19,0,17,Yes,48
20,0,46,Yes,90
21,1,50,Yes,51
22,0,22,Yes,62
23,1,32,Yes,37
24,0,40,Yes,88
25,0,16,Yes,22
26,1,14,Yes,25
27,1,13,Yes,20
28,1,7,Yes,56
29,0,41,Yes,94
30,0,14,Yes,48
31,0,16,Yes,31
32,0,45,Yes,79
33,0,37,Yes,67
34,1,45,Yes,38
35,0,38,Yes,91
36,0,48,Yes,33
37,0,44,Yes,69
38,1,10,Yes,45
39,1,44,Yes,37
40,0,18,Yes,60
41,0,31,Yes,76
42,1,40,Yes,39
43,0,15,Yes,100
44,0,19,Yes,69
45,0,45,Yes,53
46,1,25,Yes,21
47,1,45,Yes,43
48,0,36,Yes,54
49,0,38,Yes,55
50,0,34,Yes,30
51,0,39,Yes,28
52,1,7,Yes,59
53,0,26,Yes,20
54,0,35,Yes,24
55,0,35,Yes,94
56,1,49,Yes,28
57,0,46,Yes,73
58,0,17,Yes,64
59,0,29,Yes,54
60,0,4,Yes,79
61,0,17,Yes,37
62,0,21,Yes,68
63,0,31,Yes,21
64,0,43,Yes,79
65,0,18,Yes,83
66,1,44,Yes,36
67,1,3,Yes,94
68,0,49,Yes,33
69,1,21,Yes,46
70,0,5,Yes,70
71,1,32,Yes,29
72,1,34,Yes,48
73,1,21,Yes,26
74,0,43,Yes,85
75,1,3,Yes,58
76,0,21,Yes,85
77,0,32,Yes,43
78,0,36,Yes,53
79,0,50,Yes,91
80,0,43,Yes,96
81,0,24,Yes,72
82,0,36,Yes,96
83,1,21,Yes,28
84,0,34,Yes,40
85,1,42,Yes,32
86,0,2,Yes,95
87,0,47,Yes,41
88,0,44,Yes,53
89,0,35,Yes,47
90,0,15,Yes,83
91,0,29,Yes,48
92,0,18,Yes,99
93,1,13,Yes,87
94,0,46,Yes,62
95,0,28,Yes,76
96,0,48,Yes,100
97,0,43,Yes,73
98,0,37,Yes,92
99,0,20,Yes,67
100,1,33,Yes,40
101,0,31,Yes,98
102,0,50,Yes,85
103,0,35,Yes,67
104,0,22,Yes,89
105,1,1,Yes,24
106,1,4,Yes,96
107,0,31,Yes,35
108,0,46,Yes,67
109,0,32,Yes,79
110,0,43,Yes,85
111,0,26,Yes,26
112,1,9,Yes,75
113,0,28,Yes,65
114,1,20,Yes,54
115,0,9,Yes,95
116,0,48,Yes,94
117,1,12,Yes,86
118,0,29,Yes,32
119,0,27,Yes,45
120,0,44,Yes,76
121,0,32,Yes,84
122,0,11,Yes,72
123,0,44,Yes,40
124,0,46,Yes,89
125,0,50,Yes,86
126,1,45,Yes,54
127,1,48,Yes,36
128,0,26,Yes,89
129,0,21,Yes,32
130,0,49,Yes,67
131,1,13,Yes,39
132,0,46,Yes,29
133,0,42,Yes,58
134,0,25,Yes,65
135,0,25,Yes,94
136,1,12,Yes,81
137,1,4,Yes,86
138,0,38,Yes,43
139,0,42,Yes,29
140,0,30,Yes,95
141,0,50,Yes,28
142,0,45,Yes,46
143,0,33,Yes,58
144,1,25,Yes,48
145,0,25,Yes,43
146,0,44,Yes,95
147,0,21,Yes,30
148,0,31,Yes,64
149,0,47,Yes,90
150,0,14,Yes,76
151,0,17,Yes,96
152,1,3,Yes,47
153,0,42,Yes,85
154,1,22,Yes,55
155,0,21,Yes,98
156,0,21,Yes,77
157,1,40,Yes,26
158,0,1,Yes,68
159,0,50,Yes,73
160,1,39,Yes,27
161,0,34,Yes,23
162,0,29,Yes,49
163,0,31,Yes,74
164,0,8,Yes,67
165,0,5,Yes,65
166,1,7,Yes,60
167,0,30,Yes,31
168,1,14,Yes,27
169,0,5,Yes,80
170,1,3,Yes,30
171,0,46,Yes,25
172,1,4,Yes,35
173,0,42,Yes,67
174,1,30,Yes,46
175,1,37,Yes,35
176,1,2,Yes,86
177,0,30,Yes,81
178,0,47,Yes,42
179,1,21,Yes,43
180,1,9,Yes,31
181,0,12,Yes,81
182,0,4,Yes,61
183,1,10,Yes,96
184,0,26,Yes,29
185,0,40,Yes,33
186,0,34,Yes,32
187,1,31,Yes,56
188,0,1,Yes,94
189,1,5,Yes,53
190,0,4,Yes,82
191,0,48,Yes,70
192,0,29,Yes,76
193,1,12,Yes,29
194,0,29,Yes,100
195,0,15,Yes,94
196,0,34,Yes,25
197,0,41,Yes,88
198,0,41,Yes,78
199,0,39,Yes,45
200,0,32,Yes,73
201,0,29,Yes,61
202,1,15,Yes,22
203,1,33,Yes,38
204,0,18,Yes,38
205,0,35,Yes,100
206,0,25,Yes,64
207,1,6,Yes,55
208,0,17,Yes,91
209,0,17,Yes,38
210,0,44,Yes,97
211,1,6,Yes,22
212,0,45,Yes,92
213,1,7,Yes,84
214,1,11,Yes,93
215,1,41,Yes,50
216,0,24,Yes,64
217,0,21,Yes,61
218,1,24,Yes,48
219,1,8,Yes,45
220,0,12,Yes,88
221,0,48,Yes,57
222,1,6,Yes,68
223,0,14,Yes,94
224,1,34,Yes,41
225,1,12,Yes,83
226,1,11,Yes,22
227,0,5,Yes,74
228,0,25,Yes,90
229,1,11,Yes,79
230,1,27,Yes,28
231,0,43,Yes,88
232,1,18,Yes,26
233,0,32,Yes,27
234,0,27,Yes,83
235,0,24,Yes,39
236,0,31,Yes,89
237,0,39,Yes,68
238,0,36,Yes,90
239,1,5,Yes,34
240,0,47,Yes,51
241,0,29,Yes,45
242,0,43,Yes,88
243,0,40,Yes,85
244,0,4,Yes,100
245,0,39,Yes,42
246,0,45,Yes,53
247,0,20,Yes,86
248,0,14,Yes,66
249,0,33,Yes,100
250,1,18,Yes,47
251,1,9,Yes,25
252,1,34,Yes,51
253,0,33,Yes,41
254,0,15,Yes,73
255,1,4,Yes,42
256,1,25,Yes,20
257,1,20,Yes,30
258,1,5,Yes,53
259,0,16,Yes,74
260,1,13,Yes,57
261,1,11,Yes,57
262,0,21,Yes,77
263,1,6,Yes,40
264,0,29,Yes,46
265,0,15,Yes,78
266,0,17,Yes,59
267,0,32,Yes,75
268,1,42,Yes,54
269,0,21,Yes,42
270,1,9,Yes,44
271,1,16,Yes,52
272,0,42,Yes,69
273,0,37,Yes,26
274,1,32,Yes,33
275,0,28,Yes,32
276,0,13,Yes,85
277,1,11,Yes,30
278,0,36,Yes,29
279,0,23,Yes,95
280,0,37,Yes,69
281,0,21,Yes,69
282,0,22,Yes,61
283,0,9,Yes,94
284,1,16,Yes,30
285,1,4,Yes,45
286,1,3,Yes,39
287,1,6,Yes,51
288,0,18,Yes,37
289,0,34,Yes,62
290,0,26,Yes,85
291,0,50,Yes,33
292,0,40,Yes,26
293,0,24,Yes,99
294,1,33,Yes,39
295,1,19,Yes,20
296,1,24,Yes,42
297,0,19,Yes,74
298,1,4,Yes,26
299,1,11,Yes,53
300,0,28,Yes,80
301,0,24,Yes,98
302,0,25,Yes,95
303,1,27,Yes,44
304,0,49,Yes,60
305,0,45,Yes,84
306,1,26,Yes,59
307,1,4,Yes,49
308,1,3,Yes,32
309,0,45,Yes,29
310,0,21,Yes,22
311,0,50,Yes,85
312,0,19,Yes,52
313,1,6,Yes,89
314,0,50,Yes,77
315,1,17,Yes,24
316,1,24,Yes,24
317,0,46,Yes,22
318,0,42,Yes,82
319,1,10,Yes,67
320,1,1,Yes,74
321,0,28,Yes,72
322,1,48,Yes,36
323,0,47,Yes,95
324,0,29,Yes,78
325,0,37,Yes,82
326,0,38,Yes,70
327,0,48,Yes,41
328,0,36,Yes,42
329,1,9,Yes,50
330,0,34,Yes,31
331,0,43,Yes,51
332,0,46,Yes,98
333,0,5,Yes,86
334,0,15,Yes,64
335,1,30,Yes,46
336,0,44,Yes,85
337,0,16,Yes,81
338,1,16,Yes,59
339,0,16,Yes,79
340,1,21,Yes,33
341,1,39,Yes,47
342,0,40,Yes,20
343,1,48,Yes,36
344,0,26,Yes,39
345,0,46,Yes,71
346,1,27,Yes,59
347,1,5,Yes,50
348,0,43,Yes,41
349,0,17,Yes,59
350,0,3,Yes,87
351,0,47,Yes,68
352,0,24,Yes,90
353,1,12,Yes,71
354,0,35,Yes,64
355,0,42,Yes,76
356,1,1,Yes,42
357,0,27,Yes,80
358,0,16,Yes,56
359,1,36,Yes,25
360,0,30,Yes,74
361,0,18,Yes,30
362,0,45,Yes,96
363,0,1,Yes,64
364,0,42,Yes,88
365,1,7,Yes,88
366,0,50,Yes,88
367,0,37,Yes,36
368,0,18,Yes,40
369,0,29,Yes,39
370,1,45,Yes,40
371,1,13,Yes,34
372,0,47,Yes,83
373,0,7,Yes,85
374,1,11,Yes,27
375,0,39,Yes,78
376,1,6,Yes,32
377,1,2,Yes,51
378,1,39,Yes,32
379,0,23,Yes,62
380,0,46,Yes,29
381,0,19,Yes,69
382,1,3,Yes,25
383,0,47,Yes,76
384,1,6,Yes,77
385,1,6,Yes,33
386,0,12,Yes,93
387,1,40,Yes,39
388,0,38,Yes,93
389,1,10,Yes,82
390,0,28,Yes,42
391,0,19,Yes,71
392,0,25,Yes,86
393,0,38,Yes,82
394,0,6,Yes,65
395,1,7,Yes,29
396,1,2,Yes,65
397,0,24,Yes,88
398,1,26,Yes,46
399,0,25,Yes,67
400,1,10,Yes,35
401,0,14,Yes,66
402,0,21,Yes,91
403,0,26,Yes,78
404,1,12,Yes,45
405,0,11,Yes,93
406,0,15,Yes,74
407,1,13,Yes,55
408,0,5,Yes,76
409,0,36,Yes,66
410,0,32,Yes,51
411,1,1,Yes,26
412,1,15,Yes,29
413,0,3,Yes,74
414,0,48,Yes,99
415,0,30,Yes,88
416,0,40,Yes,31
417,0,24,Yes,55
418,0,48,Yes,81
419,0,27,Yes,73
420,0,14,Yes,91
421,0,18,Yes,54
422,0,48,Yes,40
423,1,32,Yes,59
424,0,21,Yes,26
425,0,42,Yes,23
426,1,4,Yes,87
427,0,19,Yes,71
428,1,6,Yes,91
429,0,2,Yes,64
430,0,21,Yes,94
431,1,40,Yes,40
432,0,33,Yes,76
433,0,26,Yes,86
434,0,23,Yes,92
435,1,39,Yes,52
436,0,42,Yes,28
437,0,41,Yes,46
438,1,41,Yes,50
439,1,12,Yes,23
440,0,31,Yes,50
441,0,34,Yes,89
442,0,32,Yes,81
443,0,31,Yes,69
444,0,24,Yes,67
445,1,31,Yes,20
446,1,18,Yes,29
447,0,15,Yes,74
448,1,7,Yes,82
449,0,35,Yes,23
450,0,35,Yes,45
451,0,19,Yes,21
452,0,26,Yes,31
453,0,39,Yes,45
454,0,22,Yes,56
455,0,14,Yes,97
456,0,50,Yes,100
457,0,33,Yes,96
458,0,48,Yes,99
459,0,48,Yes,91
460,0,27,Yes,30
461,0,27,Yes,65
462,0,20,Yes,93
463,0,48,Yes,81
464,0,29,Yes,81
465,0,45,Yes,52
466,0,25,Yes,88
467,0,25,Yes,24
468,1,37,Yes,51
469,1,16,Yes,38
470,0,30,Yes,46
471,1,6,Yes,63
472,0,36,Yes,72
473,1,3,Yes,39
474,1,29,Yes,42
475,0,15,Yes,76
476,0,18,Yes,66
477,0,2,Yes,90
478,0,49,Yes,56
479,1,48,Yes,43
480,0,43,Yes,84
481,0,30,Yes,88
482,0,10,Yes,88
483,1,11,Yes,42
484,0,12,Yes,73
485,0,28,Yes,73
486,0,36,Yes,44
487,0,37,Yes,63
488,0,22,Yes,68
489,0,32,Yes,29
490,0,40,Yes,85
491,0,47,Yes,42
492,0,24,Yes,69
493,0,11,Yes,62
494,0,19,Yes,48
495,0,42,Yes,68
496,1,6,Yes,36
497,0,31,Yes,63
498,0,31,Yes,39
499,0,27,Yes,78
500,0,24,Yes,99
501,1,35,Yes,31
502,1,21,Yes,45
503,1,8,Yes,30
504,1,26,Yes,24
505,1,26,Yes,22
506,0,9,Yes,63
507,1,48,Yes,40
508,0,33,Yes,20
509,1,31,Yes,20
510,0,17,Yes,80
511,0,22,Yes,87
512,1,8,Yes,46
513,1,2,Yes,49
514,0,45,Yes,65
515,0,47,Yes,62
516,0,7,Yes,67
517,0,19,Yes,41
518,1,44,Yes,49
519,0,16,Yes,100
520,1,17,Yes,54
521,0,20,Yes,84
522,1,50,Yes,41
523,0,37,Yes,88
524,1,5,Yes,40
525,1,44,Yes,39
526,0,41,Yes,37
527,0,19,Yes,52
528,1,47,Yes,23
529,0,40,Yes,88
530,0,6,Yes,84
531,0,25,Yes,37
532,0,42,Yes,51
533,0,35,Yes,76
534,0,17,Yes,60
535,1,4,Yes,72
536,0,24,Yes,45
537,0,16,Yes,84
538,1,14,Yes,49
539,0,43,Yes,22
540,0,49,Yes,48
541,1,33,Yes,37
542,0,45,Yes,27
543,0,35,Yes,79
544,0,11,Yes,98
545,0,30,Yes,64
546,1,48,Yes,32
547,0,45,Yes,74
548,0,26,Yes,50
549,0,41,Yes,64
550,0,37,Yes,29
551,0,12,Yes,62
552,0,27,Yes,78
553,0,18,Yes,94
554,1,15,Yes,59
555,0,34,Yes,47
556,1,37,Yes,57
557,0,21,Yes,90
558,0,31,Yes,60
559,0,43,Yes,77
560,0,22,Yes,41
561,1,12,Yes,48
562,0,25,Yes,65
563,0,40,Yes,62
564,0,16,Yes,99
565,0,30,Yes,58
566,1,10,Yes,43
567,0,1,Yes,93
568,0,24,Yes,50
569,0,36,Yes,88
570,1,46,Yes,33
571,0,20,Yes,99
572,0,37,Yes,76
573,0,26,Yes,97
574,0,23,Yes,68
575,0,20,Yes,79
576,0,38,Yes,86
577,1,5,Yes,68
578,1,41,Yes,52
579,0,22,Yes,90
580,1,48,Yes,41
581,0,10,Yes,80
582,1,12,Yes,100
583,1,2,Yes,77
584,0,38,Yes,78
585,0,20,Yes,94
586,1,5,Yes,23
587,1,9,Yes,20
588,0,48,Yes,86
589,1,9,Yes,60
590,0,40,Yes,70
591,0,30,Yes,39
592,1,6,Yes,37
593,1,42,Yes,29
594,1,9,Yes,35
595,0,6,Yes,83
596,0,47,Yes,77
597,1,36,Yes,37
598,0,19,Yes,69
599,0,30,Yes,66
600,1,27,Yes,26
601,0,25,Yes,63
602,1,5,Yes,38
603,1,10,Yes,58
604,1,26,Yes,46
605,1,11,Yes,92
606,0,17,Yes,32
607,0,44,Yes,90
608,0,44,Yes,23
609,1,21,Yes,25
610,0,49,Yes,54
611,0,27,Yes,72
612,0,19,Yes,33
613,1,33,Yes,43
614,0,46,Yes,51
615,0,21,Yes,85
616,0,23,Yes,100
617,0,38,Yes,72
618,1,2,Yes,57
619,0,21,Yes,94
620,1,1,Yes,34
621,1,10,Yes,89
622,0,45,Yes,27
623,0,44,Yes,63
624,0,48,Yes,70
625,0,21,Yes,87
626,0,1,Yes,79
627,1,10,Yes,79
628,0,24,Yes,44
629,0,29,Yes,85
630,1,11,Yes,90
631,0,33,Yes,94
632,0,27,Yes,68
633,0,19,Yes,51
634,1,50,Yes,33
635,0,46,Yes,60
636,1,28,Yes,59
637,1,14,Yes,30
638,0,46,Yes,20
639,0,41,Yes,20
640,1,50,Yes,24
641,0,28,Yes,88
642,0,23,Yes,78
643,0,14,Yes,25
644,1,10,Yes,57
645,0,37,Yes,93
646,0,15,Yes,42
647,0,19,Yes,54
648,0,23,Yes,70
649,0,35,Yes,31
650,0,33,Yes,93
651,1,12,Yes,40
652,0,41,Yes,32
653,0,27,Yes,27
654,0,45,Yes,68
655,1,23,Yes,59
656,0,19,Yes,36
657,1,6,Yes,23
658,1,6,Yes,80
659,0,20,Yes,37
660,1,8,Yes,52
661,0,39,Yes,79
662,0,39,Yes,68
663,0,39,Yes,98
664,0,23,Yes,83
665,0,41,Yes,83
666,1,50,Yes,55
667,1,30,Yes,26
668,0,32,Yes,76
669,0,35,Yes,85
670,0,45,Yes,89
671,0,37,Yes,41
672,0,45,Yes,30
673,1,29,Yes,53
674,0,27,Yes,66
675,1,36,Yes,33
676,1,9,Yes,86
677,0,38,Yes,60
678,0,41,Yes,62
679,0,25,Yes,74
680,0,37,Yes,95
681,1,3,Yes,25
682,1,24,Yes,59
683,0,49,Yes,29
684,1,3,Yes,36
685,0,42,Yes,82
686,0,32,Yes,71
687,0,33,Yes,35
688,1,46,Yes,38
689,0,44,Yes,59
690,0,35,Yes,91
691,0,45,Yes,68
692,0,37,Yes,21
693,0,40,Yes,95
694,1,30,Yes,52
695,1,38,Yes,21
696,0,15,Yes,67
697,0,49,Yes,42
698,0,40,Yes,63
699,0,40,Yes,41
700,1,5,Yes,46
701,0,5,Yes,79
702,1,5,Yes,90
703,0,1,Yes,71
704,0,21,Yes,87
705,0,18,Yes,66
706,0,49,Yes,90
707,0,27,Yes,47
708,1,21,Yes,38
709,0,19,Yes,50
710,0,23,Yes,79
711,0,26,Yes,91
712,1,13,Yes,60
713,0,36,Yes,81
714,0,39,Yes,90
715,0,40,Yes,70
716,0,37,Yes,63
717,1,9,Yes,29
718,1,7,Yes,90
719,1,25,Yes,22
720,0,42,Yes,22
721,0,19,Yes,62
722,1,41,Yes,57
723,0,50,Yes,32
724,0,43,Yes,53
725,0,36,Yes,79
726,0,33,Yes,61
727,0,20,Yes,78
728,0,37,Yes,97
729,1,12,Yes,78
730,1,46,Yes,56
731,0,28,Yes,25
732,0,30,Yes,28
733,0,28,Yes,57
734,0,20,Yes,36
735,0,39,Yes,69
736,0,48,Yes,48
737,1,32,Yes,58
738,1,28,Yes,24
739,1,27,Yes,31
740,0,26,Yes,29
741,0,22,Yes,69
742,0,23,Yes,79
743,1,21,Yes,39
744,0,36,Yes,84
745,0,42,Yes,66
746,0,4,Yes,92
747,1,47,Yes,45
748,0,13,Yes,74
749,1,8,Yes,39
750,1,11,Yes,71
751,1,5,Yes,95
752,0,1,Yes,72
753,0,17,Yes,85
754,1,27,Yes,54
755,1,3,Yes,41
756,0,22,Yes,24
757,0,24,Yes,99
758,1,18,Yes,32
759,0,39,Yes,71
760,0,25,Yes,49
761,1,6,Yes,50
762,0,26,Yes,91
763,0,43,Yes,46
764,1,6,Yes,50
765,1,6,Yes,39
766,1,13,Yes,99
767,1,13,Yes,48
768,1,11,Yes,77
769,0,45,Yes,95
770,0,8,Yes,100
771,1,8,Yes,54
772,0,34,Yes,68
773,0,40,Yes,22
774,0,14,Yes,84
775,1,11,Yes,46
776,1,8,Yes,53
777,1,8,Yes,60
778,0,37,Yes,32
779,1,23,Yes,50
780,0,38,Yes,94
781,1,38,Yes,26
782,1,12,Yes,44
783,0,15,Yes,57
784,0,38,Yes,65
785,0,41,Yes,72
786,0,37,Yes,62
787,1,16,Yes,21
788,0,25,Yes,85
789,1,18,Yes,51
790,0,4,Yes,84
791,1,12,Yes,37
792,0,35,Yes,44
793,0,45,Yes,45
794,0,16,Yes,35
795,1,10,Yes,50
796,1,34,Yes,26
797,0,43,Yes,78
798,0,38,Yes,82
799,1,48,Yes,39
800,1,31,Yes,55
801,1,20,Yes,20
802,1,12,Yes,29
803,1,2,Yes,41
804,1,30,Yes,38
805,1,28,Yes,47
806,0,40,Yes,30
807,1,46,Yes,56
808,0,15,Yes,89
809,0,38,Yes,96
810,0,30,Yes,81
811,0,32,Yes,83
812,1,36,Yes,35
813,0,32,Yes,56
814,1,14,Yes,45
815,0,8,Yes,62
816,0,27,Yes,84
817,0,24,Yes,24
818,0,30,Yes,21
819,0,34,Yes,91
820,1,28,Yes,36
821,0,27,Yes,39
822,0,31,Yes,39
823,1,23,Yes,59
824,1,11,Yes,27
825,0,48,Yes,94
826,0,17,Yes,94
827,0,36,Yes,94
828,0,33,Yes,51
829,0,27,Yes,62
830,0,14,Yes,57
831,1,5,Yes,76
832,0,47,Yes,63
833,0,28,Yes,80
834,1,11,Yes,68
835,0,18,Yes,89
836,0,21,Yes,26
837,0,22,Yes,90
838,1,33,Yes,28
839,1,49,Yes,29
840,1,10,Yes,31
841,0,18,Yes,24
842,0,28,Yes,88
843,0,25,Yes,87
844,0,6,Yes,80
845,0,44,Yes,48
846,0,30,Yes,21
847,0,42,Yes,72
848,0,30,Yes,44
849,0,33,Yes,73
850,0,24,Yes,61
851,1,13,Yes,20
852,0,19,Yes,86
853,1,23,Yes,60
854,0,35,Yes,43
855,0,22,Yes,44
856,0,14,Yes,76
857,0,47,Yes,33
858,1,50,Yes,60
859,0,33,Yes,26
860,0,7,Yes,73
861,0,3,Yes,87
862,0,35,Yes,100
863,0,13,Yes,84
864,0,42,Yes,41
865,1,5,Yes,59
866,1,23,Yes,26
867,0,11,Yes,69
868,0,23,Yes,20
869,1,2,Yes,83
870,0,33,Yes,54
871,0,6,Yes,66
872,1,45,Yes,42
873,1,25,Yes,33
874,0,24,Yes,77
875,1,10,Yes,65
876,1,7,Yes,39
877,1,1,Yes,51
878,0,45,Yes,65
879,0,37,Yes,89
880,0,14,Yes,76
881,0,25,Yes,75
882,0,18,Yes,61
883,1,37,Yes,35
884,0,30,Yes,37
885,0,34,Yes,91
886,0,49,Yes,99
887,0,48,Yes,54
888,0,33,Yes,47
889,0,44,Yes,77
890,0,50,Yes,84
891,0,47,Yes,51
892,1,24,Yes,26
893,0,43,Yes,64
894,0,14,Yes,51
895,1,3,Yes,60
896,0,33,Yes,69
897,0,38,Yes,29
898,0,46,Yes,91
899,0,19,Yes,70
900,1,20,Yes,58
901,0,42,Yes,98
902,0,34,Yes,68
903,1,5,Yes,44
904,1,3,Yes,45
905,0,46,Yes,99
906,0,16,Yes,68
907,0,21,Yes,56
908,0,34,Yes,43
909,1,9,Yes,99
910,0,36,Yes,56
911,0,22,Yes,25
912,1,2,Yes,74
913,0,32,Yes,56
914,1,29,Yes,47
915,0,27,Yes,67
916,0,33,Yes,22
917,0,16,Yes,34
918,1,11,Yes,64
919,1,11,Yes,42
920,0,17,Yes,82
921,0,37,Yes,81
922,0,18,Yes,24
923,1,13,Yes,60
924,1,7,Yes,24
925,0,37,Yes,78
926,0,8,Yes,88
927,0,11,Yes,63
928,0,8,Yes,78
929,1,31,Yes,37
930,0,26,Yes,94
931,0,20,Yes,78
932,0,24,Yes,36
933,0,45,Yes,24
934,0,33,Yes,84
935,0,21,Yes,47
936,1,2,Yes,51
937,0,28,Yes,84
938,1,18,Yes,24
939,0,21,Yes,97
940,0,24,Yes,89
941,1,15,Yes,44
942,1,38,Yes,35
943,0,38,Yes,91
944,0,13,Yes,63
945,0,39,Yes,97
946,1,8,Yes,38
947,1,4,Yes,24
948,1,6,Yes,32
949,1,11,Yes,90
950,0,49,Yes,36
951,1,30,Yes,37
952,0,34,Yes,51
953,0,28,Yes,71
954,1,36,Yes,50
955,0,18,Yes,74
956,0,4,Yes,75
957,0,42,Yes,99
958,1,11,Yes,23
959,0,31,Yes,53
960,0,12,Yes,99
961,1,20,Yes,48
962,0,37,Yes,72
963,0,26,Yes,64
964,0,14,Yes,63
965,1,12,Yes,51
966,1,10,Yes,55
967,1,19,Yes,55
968,1,4,Yes,26
969,0,48,Yes,67
970,0,37,Yes,31
971,0,4,Yes,66
972,0,15,Yes,67
973,0,33,Yes,61
974,0,30,Yes,75
975,0,23,Yes,90
976,1,2,Yes,40
977,0,50,Yes,90
978,0,34,Yes,20
979,0,33,Yes,40
980,0,34,Yes,33
981,0,39,Yes,98
982,1,47,Yes,42
983,0,37,Yes,62
984,0,40,Yes,45
985,0,8,Yes,78
986,1,12,Yes,80
987,0,36,Yes,96
988,0,48,Yes,47
989,0,47,Yes,84
990,1,2,Yes,31
991,0,24,Yes,63
992,0,40,Yes,97
993,0,50,Yes,99
994,0,25,Yes,90
995,0,20,Yes,68
996,0,10,Yes,80
997,0,32,Yes,91
998,0,31,Yes,30
999,0,48,Yes,90
1000,0,23,Yes,28
1001,1,1,Yes,46
1002,1,4,Yes,60
1003,1,3,Yes,59
1004,0,3,Yes,68
1005,0,44,Yes,79
1006,0,5,Yes,94
1007,0,50,Yes,83
1008,1,2,Yes,62
1009,0,29,Yes,85
1010,1,11,Yes,30
1011,0,37,Yes,24
1012,0,32,Yes,25
1013,1,27,Yes,37
1014,0,31,Yes,69
1015,0,36,Yes,97
1016,0,34,Yes,24
1017,1,15,Yes,30
1018,1,14,Yes,53
1019,0,46,Yes,70
1020,0,33,Yes,76
1021,0,41,Yes,95
1022,0,39,Yes,51
1023,1,7,Yes,41
1024,0,29,Yes,71
1025,0,18,Yes,66
1026,0,15,Yes,84
1027,0,39,Yes,95
1028,0,11,Yes,90
1029,1,4,Yes,36
1030,0,33,Yes,22
1031,0,37,Yes,89
1032,1,32,Yes,50
1033,1,44,Yes,36
1034,1,41,Yes,52
1035,0,44,Yes,29
1036,0,32,Yes,89
1037,1,13,Yes,47
1038,1,48,Yes,25
1039,0,3,Yes,74
1040,0,39,Yes,46
1041,1,7,Yes,22
1042,1,11,Yes,25
1043,0,47,Yes,80
1044,0,28,Yes,76
1045,1,17,Yes,30
1046,0,11,Yes,79
1047,1,12,Yes,22
1048,1,7,Yes,36
1049,0,19,Yes,77
1050,1,24,Yes,33
1051,0,19,Yes,64
1052,1,39,Yes,53
1053,1,1,Yes,36
1054,1,10,No,70
1055,1,48,No,96
1056,1,24,No,27
1057,0,42,No,64
1058,1,20,No,23
1059,1,49,No,33
1060,1,25,No,34
1061,1,21,No,35
1062,1,12,No,62
1063,1,21,No,75
1064,1,35,No,29
1065,1,42,No,28
1066,1,3,No,20
1067,1,11,No,96
1068,1,22,No,43
1069,0,47,No,94
1070,1,33,No,81
1071,0,50,No,75
1072,0,46,No,81
1073,0,34,No,92
1074,0,33,No,96
1075,0,45,No,71
1076,1,32,No,50
1077,0,47,No,72
1078,1,5,No,28
1079,1,49,No,59
1080,1,48,No,33
1081,1,22,No,59
1082,1,45,No,30
1083,1,30,No,85
1084,0,43,No,97
1085,1,48,No,36
1086,0,23,No,85
1087,0,27,No,62
1088,1,7,No,71
1089,1,2,No,21
1090,0,33,No,61
1091,1,27,No,58
1092,1,6,No,80
1093,1,20,No,50
1094,1,46,No,48
1095,1,25,No,40
1096,1,30,No,34
1097,1,48,No,46
1098,1,47,No,27
1099,0,27,No,98
1100,0,45,No,73
1101,1,2,No,28
1102,0,39,No,76
1103,0,24,No,83
1104,1,8,No,23
1105,1,8,No,28
1106,1,6,No,83
1107,1,12,No,96
1108,0,26,No,62
1109,1,50,No,25
1110,1,2,No,97
1111,0,31,No,61
1112,1,4,No,66
1113,1,32,No,67
1114,1,11,No,80
1115,1,47,No,25
1116,1,37,No,58
1117,0,39,No,96
1118,0,24,No,77
1119,1,11,No,65
1120,1,36,No,36
1121,0,40,No,84
1122,1,25,No,58
1123,1,12,No,62
1124,0,38,No,67
1125,1,40,No,20
1126,1,10,No,90
1127,1,47,No,58
1128,1,22,No,53
1129,1,35,No,30
1130,0,46,No,65
1131,1,30,No,41
1132,0,20,No,73
1133,0,25,No,98
1134,1,29,No,36
1135,1,2,No,81
1136,1,32,No,90
1137,0,37,No,83
1138,1,16,No,91
1139,1,32,No,36
1140,1,42,No,53
1141,1,6,No,39
1142,1,23,No,33
1143,0,27,No,76
1144,1,43,No,23
1145,1,25,No,54
1146,1,30,No,89
1147,1,7,No,38
1148,1,17,No,36
1149,1,10,No,66
1150,1,40,No,42
1151,1,50,No,36
1152,0,24,No,86
1153,1,8,No,49
1154,1,6,No,41
1155,0,44,No,82
1156,1,47,No,53
1157,1,6,No,21
1158,1,11,No,66
1159,1,41,No,89
1160,1,46,No,55
1161,1,9,No,42
1162,1,37,No,52
1163,1,13,No,92
1164,1,24,No,56
1165,1,47,No,96
1166,1,21,No,64
1167,1,22,No,48
1168,1,16,No,83
1169,0,37,No,91
1170,1,3,No,94
1171,0,33,No,62
1172,1,15,No,55
1173,0,42,No,68
1174,0,42,No,76
1175,1,19,No,31
1176,1,26,No,81
1177,1,39,No,83
1178,1,24,No,21
1179,1,23,No,22
1180,1,44,No,33
1181,1,34,No,23
1182,1,43,No,96
1183,1,45,No,21
1184,1,4,No,39
1185,1,19,No,73
1186,0,29,No,64
1187,1,27,No,68
1188,1,37,No,89
1189,1,11,No,29
1190,1,28,No,97
1191,1,31,No,45
1192,1,50,No,70
1193,1,42,No,56
1194,1,18,No,55
1195,1,6,No,46
1196,0,33,No,95
1197,1,13,No,88
1198,1,26,No,92
1199,1,17,No,49
1200,1,3,No,89
1201,1,7,No,22
1202,0,46,No,61
1203,1,14,No,29
1204,1,23,No,82
1205,1,20,No,94
1206,0,38,No,99
1207,1,16,No,59
1208,1,48,No,90
1209,1,8,No,100
1210,0,16,No,62
1211,1,5,No,78
1212,1,14,No,94
1213,0,18,No,74
1214,1,14,No,52
1215,1,5,No,81
1216,1,15,No,20
1217,1,3,No,32
1218,1,12,No,63
1219,1,43,No,79
1220,1,35,No,23
1221,1,36,No,64
1222,1,3,No,69
1223,1,27,No,69
1224,1,21,No,24
1225,1,18,No,50
1226,0,16,No,97
1227,0,18,No,91
1228,1,19,No,37
1229,1,1,No,55
1230,1,39,No,52
1231,0,49,No,80
1232,0,43,No,79
1233,1,31,No,23
1234,1,40,No,73
1235,1,2,No,99
1236,1,46,No,22
1237,1,35,No,68
1238,1,42,No,92
1239,1,3,No,77
1240,1,32,No,37
1241,1,48,No,79
1242,1,34,No,51
1243,1,15,No,27
1244,1,22,No,23
1245,1,2,No,76
1246,1,30,No,31
1247,1,27,No,60
1248,0,18,No,99
1249,1,8,No,37
1250,1,48,No,50
1251,1,24,No,26
1252,0,43,No,86
1253,1,8,No,41
1254,1,49,No,23
1255,1,2,No,56
1256,0,38,No,68
1257,1,4,No,48
1258,1,31,No,67
1259,1,34,No,87
1260,0,45,No,64
1261,1,30,No,93
1262,1,2,No,29
1263,0,44,No,62
1264,1,1,No,70
1265,1,1,No,92
1266,0,27,No,79
1267,1,14,No,31
1268,0,41,No,83
1269,0,25,No,88
1270,1,47,No,53
1271,1,20,No,98
1272,1,42,No,57
1273,0,16,No,80
1274,1,32,No,29
1275,1,37,No,73
1276,1,1,No,32
1277,0,37,No,68
1278,1,5,No,97
1279,0,31,No,98
1280,1,18,No,56
1281,1,39,No,78
1282,1,8,No,81
1283,0,20,No,68
1284,1,23,No,94
1285,0,38,No,93
1286,0,45,No,99
1287,1,44,No,49
1288,1,20,No,28
1289,0,34,No,93
1290,1,10,No,24
1291,1,3,No,35
1292,0,23,No,68
1293,1,42,No,61
1294,1,30,No,74
1295,1,21,No,64
1296,1,50,No,60
1297,1,16,No,29
1298,1,32,No,85
1299,0,14,No,81
1300,1,42,No,23
1301,1,47,No,100
1302,1,21,No,54
1303,1,37,No,25
1304,1,10,No,32
1305,1,18,No,63
1306,1,2,No,56
1307,1,40,No,33
1308,1,43,No,32
1309,1,14,No,38
1310,1,41,No,21
1311,1,38,No,59
1312,1,12,No,87
1313,0,19,No,79
1314,1,23,No,28
1315,1,49,No,67
1316,1,29,No,75
1317,1,14,No,32
1318,1,19,No,43
1319,0,19,No,93
1320,1,48,No,24
1321,1,19,No,31
1322,1,45,No,84
1323,1,17,No,74
1324,1,15,No,62
1325,1,11,No,77
1326,1,1,No,73
1327,1,17,No,50
1328,1,37,No,40
1329,0,40,No,97
1330,1,50,No,63
1331,0,20,No,65
1332,1,8,No,91
1333,1,16,No,60
1334,1,9,No,69
1335,1,12,No,52
1336,1,26,No,49
1337,0,44,No,85
1338,0,19,No,86
1339,1,43,No,51
1340,1,5,No,56
1341,1,5,No,72
1342,1,31,No,27
1343,1,11,No,43
1344,1,34,No,56
1345,1,14,No,37
1346,1,42,No,21
1347,0,15,No,91
1348,0,47,No,95
1349,1,23,No,54
1350,1,23,No,36
1351,1,1,No,71
1352,1,28,No,31
1353,0,37,No,89
1354,1,4,No,83
1355,1,21,No,42
1356,0,50,No,91
1357,1,34,No,61
1358,1,20,No,66
1359,1,25,No,22
1360,0,26,No,68
1361,1,4,No,43
1362,1,39,No,32
1363,1,29,No,46
1364,1,47,No,90
1365,1,5,No,75
1366,0,18,No,69
1367,1,10,No,40
1368,1,25,No,63
1369,1,2,No,36
1370,0,48,No,75
1371,1,41,No,67
1372,0,42,No,64
1373,0,44,No,61
1374,1,6,No,40
1375,1,5,No,97
1376,1,8,No,31
1377,1,24,No,65
1378,1,42,No,54
1379,1,24,No,49
1380,0,38,No,64
1381,1,41,No,35
1382,1,48,No,86
1383,1,16,No,55
1384,1,4,No,58
1385,1,8,No,96
1386,1,1,No,64
1387,1,4,No,56
1388,0,20,No,85
1389,1,40,No,23
1390,1,8,No,72
1391,1,42,No,38
1392,1,38,No,29
1393,1,34,No,46
1394,1,14,No,58
1395,1,39,No,43
1396,1,40,No,32
1397,1,49,No,30
1398,1,33,No,67
1399,1,25,No,45
1400,1,48,No,81
1401,1,22,No,23
1402,1,1,No,59
1403,1,47,No,21
1404,1,20,No,20
1405,1,10,No,28
1406,0,39,No,100
1407,1,15,No,46
1408,1,11,No,61
1409,1,38,No,58
1410,1,41,No,50
1411,1,18,No,93
1412,1,13,No,24
1413,1,43,No,100
1414,1,12,No,79
1415,1,3,No,51
1416,1,12,No,90
1417,1,46,No,56
1418,1,21,No,25
1419,1,23,No,75
1420,1,4,No,75
1421,1,45,No,53
1422,0,24,No,100
1423,1,3,No,27
1424,1,12,No,60
1425,1,34,No,23
1426,1,39,No,40
1427,1,35,No,38
1428,1,8,No,90
1429,1,42,No,97
1430,1,6,No,38
1431,1,3,No,30
1432,1,29,No,88
1433,1,32,No,33
1434,1,45,No,60
1435,0,21,No,64
1436,0,41,No,95
1437,0,23,No,83
1438,1,14,No,97
1439,1,24,No,38
1440,1,25,No,48
1441,1,13,No,76
1442,1,3,No,25
1443,1,42,No,92
1444,1,2,No,47
1445,1,26,No,36
1446,1,24,No,51
1447,1,6,No,35
1448,1,25,No,57
1449,1,11,No,95
1450,1,20,No,41
1451,1,25,No,44
1452,1,35,No,34
1453,1,11,No,25
1454,0,41,No,93
1455,1,17,No,50
1456,1,1,No,79
1457,1,30,No,100
1458,1,47,No,57
1459,1,34,No,28
1460,1,18,No,35
1461,0,33,No,85
1462,1,42,No,95
1463,1,2,No,90
1464,1,1,No,49
1465,1,23,No,92
1466,0,42,No,72
1467,1,3,No,71
1468,1,16,No,27
1469,1,46,No,39
1470,1,31,No,98
1471,1,15,No,27
1472,1,48,No,71
1473,1,11,No,24
1474,1,20,No,63
1475,1,6,No,72
1476,0,24,No,61
1477,1,18,No,56
1478,1,1,No,32
1479,1,13,No,23
1480,1,2,No,100
1481,1,26,No,74
1482,1,31,No,33
1483,0,43,No,67
1484,1,12,No,61
1485,1,22,No,46
1486,1,3,No,56
1487,1,23,No,73
1488,1,26,No,44
1489,1,37,No,44
1490,1,42,No,26
1491,1,15,No,52
1492,1,10,No,54
1493,1,3,No,38
1494,1,44,No,44
1495,0,23,No,76
1496,1,6,No,23
1497,1,9,No,98
1498,1,16,No,33
1499,1,46,No,32
1500,1,24,No,85
1501,0,22,No,69
1502,1,13,No,55
1503,0,20,No,66
1504,1,46,No,30
1505,1,10,No,80
1506,1,39,No,20
1507,1,44,No,30
1508,1,7,No,86
1509,1,3,No,84
1510,1,44,No,54
1511,1,31,No,30
1512,0,48,No,91
1513,1,18,No,23
1514,1,27,No,35
1515,1,1,No,90
1516,0,34,No,93
1517,1,5,No,68
1518,1,12,No,41
1519,0,14,No,73
1520,0,40,No,73
1521,1,39,No,66
1522,1,50,No,59
1523,1,5,No,72
1524,1,35,No,88
1525,1,6,No,76
1526,1,22,No,31
1527,1,27,No,22
1528,0,33,No,75
1529,0,47,No,75
1530,0,48,No,63
1531,1,22,No,21
1532,1,8,No,83
1533,1,5,No,46
1534,1,16,No,59
1535,0,26,No,66
1536,1,8,No,74
1537,1,17,No,82
1538,1,50,No,89
1539,0,22,No,65
1540,1,19,No,55
1541,0,14,No,95
1542,0,35,No,77
1543,1,43,No,44
1544,1,24,No,89
1545,1,17,No,24
1546,1,49,No,43
1547,1,17,No,51
1548,1,40,No,46
1549,1,43,No,32
1550,1,19,No,55
1551,1,40,No,26
1552,1,13,No,29
1553,1,20,No,49
1554,1,21,No,45
1555,1,18,No,48
1556,1,44,No,47
1557,1,26,No,57
1558,1,34,No,34
1559,1,24,No,75
1560,0,23,No,94
1561,1,3,No,84
1562,1,2,No,38
1563,0,23,No,75
1564,1,8,No,44
1565,1,30,No,33
1566,1,48,No,93
1567,0,21,No,99
1568,1,9,No,33
1569,1,8,No,76
1570,0,29,No,63
1571,1,3,No,41
1572,1,11,No,88
1573,0,16,No,92
1574,1,25,No,31
1575,1,32,No,25
1576,1,28,No,28
1577,0,36,No,75
1578,1,7,No,34
1579,1,2,No,97
1580,1,6,No,80
1581,1,30,No,71
1582,1,46,No,77
1583,1,39,No,41
1584,1,8,No,92
1585,1,46,No,95
1586,1,40,No,25
1587,0,21,No,77
1588,0,33,No,99
1589,1,3,No,24
1590,0,48,No,72
1591,1,8,No,80
1592,1,24,No,100
1593,1,10,No,83
1594,0,25,No,95
1595,1,3,No,41
1596,1,45,No,35
1597,1,15,No,30
1598,1,34,No,21
1599,0,21,No,85
1600,1,22,No,54
1601,1,24,No,26
1602,1,33,No,59
1603,1,13,No,48
1604,0,17,No,98
1605,1,25,No,92
1606,1,15,No,46
1607,1,4,No,21
1608,1,43,No,72
1609,1,12,No,58
1610,1,3,No,93
1611,1,1,No,31
1612,1,6,No,26
1613,0,26,No,68
1614,1,6,No,31
1615,1,22,No,41
1616,0,45,No,62
1617,1,50,No,41
1618,0,50,No,64
1619,1,39,No,72
1620,0,50,No,78
1621,1,27,No,47
1622,1,38,No,46
1623,1,37,No,43
1624,1,50,No,58
1625,1,40,No,32
1626,1,3,No,45
1627,1,45,No,35
1628,1,8,No,21
1629,1,7,No,64
1630,1,13,No,88
1631,1,29,No,48
1632,1,7,No,36
1633,1,50,No,28
1634,0,33,No,80
1635,1,30,No,23
1636,1,40,No,24
1637,1,49,No,22
1638,1,32,No,21
1639,1,18,No,51
1640,1,50,No,65
1641,1,13,No,51
1642,1,1,No,32
1643,0,16,No,70
1644,1,6,No,77
1645,0,21,No,90
1646,1,36,No,36
1647,1,20,No,77
1648,1,8,No,78
1649,0,22,No,69
1650,1,3,No,63
1651,1,46,No,36
1652,0,42,No,80
1653,1,1,No,35
1654,0,29,No,93
1655,1,14,No,25
1656,1,4,No,81
1657,1,41,No,42
1658,1,4,No,36
1659,0,47,No,66
1660,1,44,No,37
1661,1,37,No,45
1662,1,21,No,86
1663,1,46,No,24
1664,1,1,No,22
1665,1,35,No,53
1666,1,49,No,41
1667,1,47,No,64
1668,1,24,No,40
1669,1,28,No,33
1670,1,22,No,59
1671,0,20,No,73
1672,1,25,No,22
1673,1,15,No,73
1674,0,49,No,62
1675,1,10,No,56
1676,1,21,No,90
1677,1,34,No,44
1678,1,41,No,35
1679,0,30,No,71
1680,1,24,No,52
1681,1,6,No,37
1682,0,14,No,95
1683,0,37,No,97
1684,1,37,No,57
1685,0,28,No,93
1686,1,43,No,48
1687,1,25,No,75
1688,1,4,No,70
1689,1,13,No,26
1690,0,32,No,73
1691,1,1,No,30
1692,1,4,No,61
1693,0,33,No,75
1694,0,45,No,88
1695,0,20,No,67
1696,1,1,No,95
1697,1,7,No,69
1698,1,48,No,87
1699,1,46,No,41
1700,1,34,No,67
1701,0,36,No,70
1702,1,44,No,41
1703,0,48,No,83
1704,1,12,No,22
1705,1,19,No,20
1706,1,49,No,29
1707,0,25,No,87
1708,0,25,No,81
1709,1,1,No,58
1710,1,19,No,83
1711,1,7,No,59
1712,0,19,No,93
1713,1,9,No,87
1714,1,37,No,22
1715,0,15,No,71
1716,0,30,No,69
1717,1,30,No,47
1718,1,16,No,50
1719,1,14,No,96
1720,1,8,No,39
1721,0,40,No,84
1722,1,24,No,28
1723,1,14,No,51
1724,1,39,No,20
1725,0,21,No,72
1726,1,32,No,33
1727,1,45,No,28
1728,1,19,No,53
1729,1,1,No,48
1730,1,12,No,21
1731,1,26,No,22
1732,1,12,No,87
1733,1,36,No,50
1734,1,22,No,85
1735,1,16,No,98
1736,1,31,No,34
1737,1,43,No,61
1738,0,50,No,98
1739,0,37,No,61
1740,0,23,No,98
1741,1,10,No,21
1742,1,20,No,51
1743,1,18,No,80
1744,1,3,No,72
1745,0,23,No,63
1746,1,27,No,27
1747,1,44,No,44
1748,1,41,No,23
1749,1,41,No,93
1750,1,36,No,70
1751,1,38,No,85
1752,1,34,No,40
1753,1,14,No,29
1754,1,23,No,27
1755,0,18,No,93
1756,1,45,No,20
1757,1,14,No,55
1758,1,48,No,94
1759,1,17,No,56
1760,1,1,No,58
1761,1,39,No,44
1762,0,24,No,95
1763,1,41,No,42
1764,1,28,No,93
1765,1,34,No,56
1766,1,41,No,88
1767,1,27,No,54
1768,0,46,No,89
1769,1,2,No,45
1770,0,45,No,75
1771,1,34,No,22
1772,1,9,No,82
1773,1,1,No,34
1774,1,17,No,92
1775,1,6,No,78
1776,1,12,No,47
1777,1,10,No,64
1778,1,4,No,44
1779,1,8,No,94
1780,0,41,No,62
1781,0,49,No,81
1782,1,49,No,33
1783,0,40,No,88
1784,1,30,No,49
1785,1,4,No,31
1786,1,22,No,29
1787,1,22,No,34
1788,1,10,No,38
1789,1,23,No,41
1790,1,43,No,34
1791,1,31,No,26
1792,1,38,No,98
1793,1,22,No,59
1794,1,45,No,92
1795,1,21,No,40
1796,1,9,No,20
1797,1,34,No,35
1798,1,26,No,35
1799,1,1,No,82
1800,1,47,No,48
1801,1,30,No,58
1802,1,48,No,57
1803,0,31,No,96
1804,0,33,No,97
1805,1,39,No,42
1806,0,46,No,62
1807,1,24,No,67
1808,1,37,No,46
1809,1,7,No,71
1810,1,6,No,99
1811,1,16,No,28
1812,1,33,No,77
1813,0,18,No,63
1814,0,24,No,62
1815,1,24,No,92
1816,1,48,No,72
1817,1,4,No,79
1818,1,20,No,27
1819,1,47,No,39
1820,1,50,No,86
1821,0,31,No,94
1822,1,29,No,53
1823,1,4,No,85
1824,1,40,No,50
1825,1,31,No,47
1826,0,41,No,75
1827,1,44,No,60
1828,1,31,No,36
1829,1,45,No,80
1830,1,50,No,96
1831,1,7,No,80
1832,1,5,No,71
1833,1,48,No,29
1834,1,19,No,53
1835,1,39,No,35
1836,1,45,No,75
1837,1,35,No,52
1838,1,8,No,77
1839,1,11,No,24
1840,1,32,No,78
1841,1,46,No,98
1842,1,7,No,57
1843,1,1,No,78
1844,0,32,No,76
1845,1,31,No,26
1846,1,39,No,78
1847,1,9,No,53
1848,0,49,No,100
1849,1,34,No,73
1850,1,35,No,40
1851,0,50,No,76
1852,1,4,No,80
1853,0,32,No,80
1854,1,11,No,67
1855,1,49,No,61
1856,1,9,No,76
1857,1,30,No,55
1858,0,33,No,85
1859,1,8,No,69
1860,1,29,No,26
1861,1,4,No,64
1862,1,19,No,60
1863,1,10,No,36
1864,1,39,No,21
1865,1,21,No,72
1866,1,12,No,62
1867,1,9,No,44
1868,1,20,No,52
1869,1,44,No,58
1870,1,16,No,77
1871,0,27,No,99
1872,1,14,No,96
1873,0,24,No,64
1874,1,49,No,44
1875,1,14,No,33
1876,1,6,No,71
1877,1,20,No,36
1878,1,3,No,62
1879,1,5,No,29
1880,1,46,No,33
1881,1,8,No,33
1882,1,13,No,41
1883,1,25,No,54
1884,1,39,No,58
1885,1,15,No,30
1886,1,35,No,53
1887,0,46,No,91
1888,1,3,No,44
1889,0,48,No,89
1890,1,27,No,57
1891,1,5,No,57
1892,1,48,No,74
1893,1,12,No,30
1894,1,10,No,20
1895,0,48,No,90
1896,1,3,No,61
1897,1,19,No,51
1898,1,11,No,97
1899,0,25,No,97
1900,1,42,No,40
1901,1,34,No,85
1902,1,50,No,76
1903,1,21,No,22
1904,0,37,No,63
1905,0,46,No,71
1906,1,14,No,35
1907,1,24,No,30
1908,1,36,No,74
1909,0,19,No,71
1910,1,12,No,84
1911,1,13,No,38
1912,0,32,No,81
1913,1,5,No,56
1914,1,29,No,48
1915,0,40,No,97
1916,0,44,No,74
1917,1,3,No,50
1918,0,35,No,71
1919,1,33,No,33
1920,1,20,No,56
1921,1,40,No,84
1922,1,13,No,36
1923,1,9,No,63
1924,1,7,No,36
1925,1,42,No,63
1926,1,44,No,32
1927,1,6,No,93
1928,1,8,No,29
1929,1,10,No,92
1930,1,46,No,33
1931,1,26,No,52
1932,1,6,No,42
1933,1,47,No,36
1934,1,28,No,67
1935,1,23,No,43
1936,0,45,No,68
1937,1,44,No,60
1938,1,11,No,53
1939,1,39,No,23
1940,1,20,No,57
1941,0,48,No,89
1942,1,46,No,99
1943,1,22,No,28
1944,1,45,No,53
1945,1,49,No,45
1946,1,9,No,38
1947,1,41,No,49
1948,1,2,No,32
1949,1,39,No,37
1950,1,12,No,80
1951,1,26,No,78
1952,1,32,No,53
1953,0,50,No,82
1954,1,3,No,33
1955,1,3,No,77
1956,1,37,No,56
1957,1,20,No,37
1958,1,26,No,54
1959,1,47,No,67
1960,1,7,No,90
1961,1,40,No,72
1962,1,45,No,59
1963,1,20,No,45
1964,1,11,No,30
1965,1,50,No,51
1966,1,25,No,90
1967,1,5,No,95
1968,1,4,No,81
1969,0,25,No,70
1970,1,11,No,32
1971,1,4,No,94
1972,1,1,No,29
1973,1,48,No,31
1974,1,9,No,20
1975,1,2,No,44
1976,1,4,No,77
1977,1,43,No,51
1978,1,32,No,49
1979,1,1,No,78
1980,0,38,No,98
1981,0,25,No,94
1982,1,42,No,91
1983,0,32,No,77
1984,1,21,No,97
1985,1,26,No,58
1986,1,6,No,97
1987,1,14,No,48
1988,1,4,No,23
1989,0,26,No,79
1990,1,39,No,42
1991,1,15,No,95
1992,1,1,No,29
1993,0,28,No,98
1994,0,17,No,96
1995,0,24,No,66
1996,1,29,No,80
1997,1,18,No,27
1998,1,10,No,25
1999,1,19,No,45
2000,0,26,No,89
2001,1,25,No,27
2002,1,2,No,90
2003,1,19,No,65
2004,1,32,No,72
2005,1,13,No,70
2006,0,30,No,82
2007,1,2,No,97
2008,1,8,No,25
2009,1,27,No,48
2010,0,26,No,99
2011,1,3,No,21
2012,1,4,No,94
2013,1,5,No,53
2014,1,25,No,70
2015,1,47,No,26
2016,1,8,No,82
2017,1,20,No,47
2018,1,42,No,32
2019,0,20,No,97
2020,0,23,No,68
2021,1,26,No,23
2022,1,48,No,33
2023,1,16,No,38
2024,0,28,No,68
2025,1,39,No,23
2026,1,43,No,29
2027,1,45,No,35
2028,1,50,No,73
2029,1,10,No,84
2030,1,40,No,23
2031,0,38,No,67
2032,1,2,No,51
2033,1,13,No,36
2034,1,33,No,55
2035,1,27,No,30
2036,0,43,No,70
2037,0,46,No,63
2038,1,7,No,87
2039,0,35,No,70
2040,1,31,No,51
2041,1,42,No,25
2042,1,14,No,32
2043,1,35,No,52
2044,1,49,No,33
2045,0,17,No,68
2046,1,26,No,20
2047,1,30,No,32
2048,1,32,No,82
2049,1,35,No,64
2050,1,15,No,24
2051,1,10,No,96
2052,0,14,No,94
2053,1,30,No,48
2054,1,16,No,60
2055,1,14,No,56
2056,1,28,No,33
2057,1,29,No,46
2058,1,5,No,37
2059,1,17,No,98
2060,1,50,No,50
2061,1,23,No,63
2062,1,22,No,70
2063,1,15,No,63
2064,0,32,No,86
2065,1,5,No,99
2066,1,6,No,40
2067,0,44,No,92
2068,1,23,No,21
2069,0,44,No,81
2070,1,3,No,82
2071,0,14,No,88
2072,1,37,No,100
2073,0,22,No,66
2074,1,2,No,25
2075,1,44,No,53
2076,1,49,No,28
2077,1,22,No,23
2078,1,26,No,34
2079,1,40,No,42
2080,1,16,No,24
2081,1,17,No,47
2082,0,48,No,78
2083,1,28,No,89
2084,1,26,No,59
2085,1,43,No,94
2086,1,38,No,49
2087,1,36,No,89
2088,1,1,No,91
2089,1,49,No,89
2090,1,41,No,57
2091,0,21,No,71
2092,1,24,No,97
2093,1,27,No,45
2094,1,4,No,91
2095,1,19,No,25
2096,1,1,No,63
2097,1,27,No,52
2098,1,5,No,43
2099,1,20,No,28
2100,1,50,No,78
2101,1,36,No,31
2102,1,12,No,23
2103,1,23,No,25
2104,0,21,No,86
2105,0,47,No,88
2106,1,38,No,35
2107,1,40,No,34
2108,1,35,No,75
2109,1,4,No,46
2110,1,28,No,31
2111,1,36,No,93
2112,1,15,No,85
2113,1,7,No,68
2114,1,29,No,40
2115,1,12,No,51
2116,0,16,No,85
2117,1,50,No,23
2118,1,11,No,28
2119,1,28,No,44
2120,1,36,No,57
2121,1,38,No,98
2122,0,32,No,68
2123,1,42,No,36
2124,0,22,No,71
2125,1,22,No,60
2126,1,31,No,87
2127,1,28,No,38
2128,1,40,No,45
2129,1,21,No,47
2130,1,12,No,57
2131,1,33,No,68
2132,1,9,No,52
2133,0,15,No,87
2134,1,13,No,34
2135,1,35,No,41
2136,1,1,No,94
2137,0,25,No,93
2138,1,20,No,51
2139,1,36,No,42
2140,0,33,No,95
2141,0,36,No,90
2142,1,32,No,98
2143,1,21,No,39
2144,0,48,No,66
2145,1,25,No,23
2146,1,32,No,73
2147,1,45,No,23
2148,1,4,No,43
2149,1,19,No,45
2150,1,1,No,21
2151,1,12,No,40
2152,1,18,No,58
2153,1,43,No,48
2154,1,31,No,94
2155,1,33,No,74
2156,1,46,No,51
2157,0,41,No,83
2158,0,41,No,68
2159,1,9,No,84
2160,1,34,No,58
2161,1,21,No,92
2162,1,5,No,69
2163,1,32,No,48
2164,1,44,No,60
2165,1,46,No,20
2166,1,42,No,55
2167,0,50,No,88
2168,1,33,No,48
2169,1,32,No,74
2170,1,32,No,42
2171,1,37,No,32
2172,1,9,No,98
2173,1,6,No,89
2174,1,36,No,97
2175,1,1,No,49
2176,1,48,No,50
2177,1,44,No,91
2178,1,9,No,93
2179,1,32,No,98
2180,0,14,No,82
2181,1,43,No,37
2182,0,32,No,63
2183,0,26,No,99
2184,1,2,No,37
2185,1,16,No,34
2186,1,50,No,32
2187,1,6,No,23
2188,1,20,No,78
2189,1,9,No,54
2190,0,47,No,94
2191,1,33,No,75
2192,0,46,No,69
2193,1,9,No,35
2194,1,8,No,78
2195,1,48,No,29
2196,1,2,No,62
2197,1,31,No,58
2198,0,40,No,88
2199,0,35,No,80
2200,1,40,No,47
2201,1,27,No,51
2202,1,10,No,25
2203,1,23,No,36
2204,1,32,No,79
2205,1,6,No,41
2206,0,27,No,68
2207,1,25,No,51
2208,1,11,No,38
2209,1,23,No,46
2210,1,44,No,20
2211,1,35,No,25
2212,1,45,No,89
2213,1,22,No,77
2214,1,18,No,94
2215,0,20,No,100
2216,0,28,No,96
2217,1,15,No,36
2218,1,42,No,27
2219,1,20,No,67
2220,0,16,No,91
2221,1,47,No,62
2222,1,34,No,88
2223,0,30,No,66
2224,1,5,No,65
2225,1,38,No,25
2226,1,18,No,64
2227,1,28,No,72
2228,0,42,No,74
2229,1,5,No,50
2230,0,50,No,97
2231,1,33,No,36
2232,1,1,No,49
2233,0,14,No,64
2234,1,48,No,31
2235,0,26,No,66
2236,1,44,No,82
2237,0,18,No,88
2238,1,31,No,34
2239,0,18,No,84
2240,1,41,No,96
2241,1,18,No,71
2242,1,3,No,77
2243,1,5,No,66
2244,1,13,No,21
2245,1,22,No,37
2246,0,45,No,90
2247,1,39,No,96
2248,1,18,No,37
2249,0,19,No,66
2250,1,29,No,45
2251,0,19,No,89
2252,0,22,No,94
2253,1,21,No,96
2254,1,22,No,31
2255,1,44,No,79
2256,1,42,No,39
2257,1,33,No,22
2258,1,6,No,32
2259,1,44,No,71
2260,1,24,No,96
2261,1,16,No,82
2262,1,12,No,76
2263,1,50,No,22
2264,1,42,No,40
2265,0,50,No,92
2266,1,10,No,94
2267,1,32,No,44
2268,1,37,No,49
2269,1,15,No,26
2270,1,27,No,38
2271,1,7,No,72
2272,1,49,No,99
2273,1,44,No,38
2274,1,13,No,96
2275,1,38,No,27
2276,1,10,No,24
2277,0,25,No,82
2278,1,18,No,56
2279,1,6,No,25
2280,1,35,No,67
2281,1,31,No,21
2282,1,41,No,27
2283,1,8,No,97
2284,1,34,No,45
2285,1,20,No,63
2286,1,38,No,100
2287,1,35,No,38
2288,1,6,No,45
2289,0,50,No,91
2290,0,47,No,82
2291,1,23,No,48
2292,1,13,No,30
2293,1,31,No,34
2294,1,16,No,68
2295,1,40,No,95
2296,1,45,No,22
2297,1,50,No,88
2298,1,1,No,83
2299,1,10,No,87
2300,1,48,No,57
2301,0,38,No,88
2302,1,21,No,20
2303,1,38,No,39
2304,0,31,No,71
2305,1,9,No,73
2306,0,47,No,63
2307,1,8,No,78
2308,1,30,No,96
2309,1,22,No,81
2310,1,3,No,95
2311,0,15,No,68
2312,1,10,No,28
2313,1,19,No,30
2314,1,36,No,31
2315,1,12,No,95
2316,1,49,No,79
2317,1,7,No,39
2318,1,28,No,34
2319,1,30,No,28
2320,1,29,No,38
2321,1,9,No,55
2322,1,27,No,31
2323,0,21,No,84
2324,0,36,No,93
2325,1,19,No,28
2326,1,47,No,55
2327,1,38,No,63
2328,0,22,No,94
2329,1,29,No,36
2330,1,42,No,97
2331,1,47,No,63
2332,1,10,No,77
2333,1,10,No,53
2334,1,1,No,77
2335,1,7,No,79
2336,1,10,No,37
2337,1,11,No,94
2338,1,5,No,76
2339,1,21,No,68
2340,1,24,No,65
2341,1,37,No,24
2342,1,22,No,31
2343,0,16,No,89
2344,1,44,No,49
2345,0,14,No,92
2346,1,23,No,32
2347,0,46,No,67
2348,1,46,No,64
2349,1,16,No,84
2350,1,40,No,34
2351,1,21,No,26
2352,1,25,No,50
2353,1,25,No,46
2354,1,25,No,71
2355,0,27,No,78
2356,1,12,No,35
2357,1,27,No,58
2358,0,40,No,67
2359,1,38,No,93
2360,1,44,No,81
2361,1,27,No,80
2362,1,30,No,64
2363,1,24,No,41
2364,0,38,No,79
2365,1,4,No,60
2366,0,32,No,91
2367,0,32,No,66
2368,0,28,No,85
2369,1,6,No,38
2370,1,24,No,23
2371,0,38,No,71
2372,1,28,No,25
2373,1,9,No,39
2374,1,21,No,20
2375,0,31,No,73
2376,1,18,No,63
2377,1,5,No,94
2378,1,22,No,94
2379,0,37,No,71
2380,0,22,No,77
2381,0,36,No,66
2382,1,23,No,23
2383,1,44,No,60
2384,1,25,No,72
2385,1,40,No,35
2386,1,12,No,31
2387,1,14,No,33
2388,0,14,No,95
2389,1,10,No,68
2390,1,17,No,87
2391,0,24,No,64
2392,1,31,No,74
2393,1,36,No,62
2394,1,38,No,97
2395,1,23,No,47
2396,0,47,No,83
2397,0,20,No,82
2398,1,41,No,26
2399,0,44,No,81
2400,1,31,No,44
2401,1,11,No,88
2402,0,25,No,76
2403,0,31,No,89
2404,1,40,No,22
2405,1,23,No,33
2406,1,5,No,97
2407,1,26,No,57
2408,1,11,No,38
2409,1,44,No,55
2410,1,47,No,37
2411,1,46,No,43
2412,1,35,No,96
2413,1,8,No,51
2414,0,30,No,95
2415,1,14,No,26
2416,1,30,No,34
2417,1,26,No,83
2418,1,32,No,24
2419,1,47,No,69
2420,1,11,No,40
2421,1,28,No,87
2422,1,2,No,46
2423,0,45,No,82
2424,1,7,No,81
2425,1,28,No,57
2426,1,34,No,49
2427,1,26,No,42
2428,1,45,No,26
2429,1,34,No,38
2430,1,47,No,57
2431,1,42,No,100
2432,1,27,No,73
2433,0,43,No,66
2434,0,16,No,73
2435,1,40,No,45
2436,1,29,No,27
2437,1,38,No,24
2438,1,34,No,59
2439,1,30,No,20
2440,1,45,No,44
2441,1,47,No,90
2442,1,5,No,36
2443,0,50,No,95
2444,1,24,No,30
2445,0,15,No,65
2446,0,50,No,96
2447,1,7,No,65
2448,1,10,No,47
2449,1,38,No,25
2450,1,31,No,56
2451,1,7,No,76
2452,1,27,No,60
2453,1,45,No,67
2454,1,13,No,95
2455,1,33,No,72
2456,1,25,No,98
2457,1,5,No,83
2458,1,23,No,37
2459,0,17,No,85
2460,1,14,No,36
2461,1,28,No,36
2462,0,19,No,86
2463,0,31,No,99
2464,1,25,No,21
2465,1,4,No,84
2466,0,20,No,63
2467,1,37,No,84
2468,1,28,No,72
2469,1,6,No,21
2470,1,27,No,92
2471,0,29,No,72
2472,1,1,No,83
2473,1,31,No,73
2474,1,28,No,98
2475,1,19,No,76
2476,1,36,No,43
2477,1,28,No,60
2478,1,29,No,40
2479,1,9,No,93
2480,1,26,No,98
2481,1,7,No,91
2482,0,35,No,92
2483,1,46,No,87
2484,1,8,No,96
2485,1,50,No,97
2486,1,37,No,55
2487,1,6,No,58
2488,1,16,No,21
2489,0,30,No,82
2490,1,50,No,34
2491,1,5,No,78
2492,1,15,No,47
2493,0,34,No,96
2494,1,6,No,23
2495,1,26,No,27
2496,1,34,No,37
2497,0,37,No,79
2498,1,28,No,40
2499,1,38,No,39
2500,1,2,No,73
2501,0,32,No,84
2502,0,30,No,94
2503,1,17,No,47
2504,1,5,No,77
2505,0,31,No,94
2506,1,43,No,75
2507,1,19,No,82
2508,1,32,No,36
2509,1,5,No,90
2510,1,9,No,48
2511,1,48,No,42
2512,1,1,No,33
2513,0,20,No,63
2514,1,42,No,53
2515,1,45,No,37
2516,0,41,No,92
2517,1,36,No,73
2518,1,10,No,38
2519,1,31,No,51
2520,1,21,No,90
2521,1,16,No,56
2522,1,18,No,33
2523,1,20,No,53
2524,1,21,No,24
2525,1,23,No,59
2526,0,20,No,72
2527,1,30,No,28
2528,1,33,No,36
2529,1,31,No,47
2530,0,48,No,62
2531,0,28,No,98
2532,1,7,No,28
2533,1,4,No,86
2534,1,49,No,46
2535,1,22,No,42
2536,0,39,No,80
2537,1,45,No,39
2538,1,30,No,49
2539,1,33,No,32
2540,0,24,No,73
2541,1,11,No,42
2542,1,13,No,58
2543,1,27,No,22
2544,1,30,No,56
2545,1,39,No,70
2546,1,10,No,50
2547,1,4,No,21
2548,0,16,No,97
2549,0,34,No,63
2550,1,11,No,60
2551,1,30,No,52
2552,1,40,No,32
2553,1,13,No,48
2554,1,28,No,25
2555,0,49,No,68
2556,0,23,No,74
2557,1,4,No,88
2558,1,17,No,23
2559,1,24,No,32
2560,1,21,No,71
2561,0,17,No,62
2562,1,22,No,20
2563,0,27,No,62
2564,1,1,No,81
2565,0,27,No,90
2566,1,8,No,43
2567,1,43,No,38
2568,1,24,No,25
2569,0,29,No,98
2570,1,10,No,75
2571,1,12,No,27
2572,1,48,No,27
2573,1,40,No,42
2574,1,1,No,90
2575,0,26,No,63
2576,1,9,No,96
2577,1,19,No,40
2578,1,37,No,39
2579,1,3,No,48
2580,1,40,No,20
2581,1,13,No,29
2582,0,48,No,81
2583,1,4,No,98
2584,1,9,No,93
2585,1,26,No,30
2586,1,19,No,37
2587,1,1,No,28
2588,1,29,No,29
2589,1,38,No,49
2590,1,31,No,53
2591,1,35,No,66
2592,1,40,No,61
2593,1,13,No,23
2594,1,9,No,36
2595,1,25,No,81
2596,1,3,No,56
2597,0,35,No,78
2598,1,13,No,25
2599,1,31,No,86
2600,0,48,No,99
2601,1,6,No,83
2602,1,43,No,33
2603,1,1,No,44
2604,1,8,No,58
2605,1,6,No,54
2606,0,32,No,93
2607,0,46,No,98
2608,1,38,No,36
2609,0,48,No,68
2610,0,18,No,95
2611,1,25,No,93
2612,1,4,No,99
2613,1,27,No,22
2614,0,14,No,88
2615,0,36,No,65
2616,1,6,No,62
2617,1,46,No,55
2618,1,29,No,97
2619,1,12,No,77
2620,1,47,No,40
2621,1,28,No,23
2622,1,21,No,46
2623,1,15,No,75
2624,1,38,No,76
2625,1,19,No,59
2626,1,31,No,51
2627,1,30,No,46
2628,1,40,No,26
2629,1,42,No,51
2630,1,25,No,44
2631,1,20,No,82
2632,1,3,No,44
2633,1,14,No,27
2634,0,32,No,90
2635,1,20,No,58
2636,0,34,No,80
2637,1,6,No,40
2638,1,2,No,23
2639,1,35,No,34
2640,1,33,No,35
2641,0,45,No,75
2642,1,20,No,60
2643,1,48,No,87
2644,1,37,No,41
2645,1,4,No,83
2646,0,24,No,81
2647,1,4,No,56
2648,1,25,No,58
2649,0,14,No,84
2650,1,14,No,21
2651,1,46,No,35
2652,1,27,No,43
2653,1,46,No,20
2654,1,24,No,36
2655,1,4,No,70
2656,1,2,No,83
2657,0,29,No,76
2658,1,7,No,81
2659,1,39,No,47
2660,1,46,No,35
2661,1,44,No,85
2662,1,20,No,96
2663,0,44,No,98
2664,1,23,No,52
2665,0,37,No,84
2666,1,4,No,71
2667,0,14,No,95
2668,1,31,No,47
2669,1,9,No,75
2670,1,31,No,28
2671,1,26,No,44
2672,1,41,No,64
2673,1,13,No,28
2674,1,4,No,21
2675,1,15,No,41
2676,1,38,No,38
2677,1,3,No,77
2678,1,6,No,43
2679,0,34,No,91
2680,1,7,No,68
2681,1,21,No,37
2682,1,17,No,23
2683,1,5,No,65
2684,1,21,No,30
2685,1,42,No,45
2686,1,49,No,25
2687,0,33,No,72
2688,1,12,No,75
2689,1,18,No,63
2690,1,47,No,35
2691,1,18,No,32
2692,1,48,No,25
2693,1,18,No,90
2694,1,46,No,70
2695,1,34,No,27
2696,1,10,No,92
2697,1,12,No,20
2698,1,36,No,52
2699,1,34,No,57
2700,1,49,No,96
2701,0,36,No,68
2702,1,18,No,30
2703,1,39,No,37
2704,1,34,No,42
2705,1,35,No,54
2706,1,1,No,81
2707,1,48,No,40
2708,0,19,No,88
2709,0,44,No,94
2710,1,9,No,54
2711,1,3,No,51
2712,1,50,No,22
2713,1,7,No,95
2714,1,20,No,57
2715,1,16,No,45
2716,0,29,No,92
2717,1,21,No,40
2718,1,19,No,62
2719,1,10,No,90
2720,1,4,No,82
2721,1,45,No,52
2722,0,17,No,70
2723,0,22,No,83
2724,1,3,No,49
2725,1,11,No,91
2726,1,4,No,99
2727,1,11,No,92
2728,0,47,No,87
2729,1,17,No,28
2730,0,32,No,71
2731,1,37,No,32
2732,1,44,No,33
2733,1,27,No,75
2734,1,46,No,83
2735,1,13,No,93
2736,1,2,No,29
2737,1,45,No,25
2738,1,35,No,76
2739,1,39,No,81
2740,1,39,No,80
2741,0,34,No,70
2742,0,41,No,81
2743,1,47,No,86
2744,1,17,No,94
2745,0,40,No,66
2746,0,44,No,98
2747,1,21,No,25
2748,1,21,No,62
2749,1,16,No,98
2750,1,15,No,53
2751,1,26,No,66
2752,1,50,No,52
2753,0,30,No,64
2754,1,48,No,59
2755,0,21,No,61
2756,1,18,No,97
2757,1,41,No,23
2758,1,11,No,98
2759,1,8,No,98
2760,1,42,No,59
2761,0,41,No,82
2762,1,3,No,82
2763,1,10,No,41
2764,1,35,No,52
2765,1,2,No,41
2766,1,24,No,70
2767,0,47,No,91
2768,0,31,No,95
2769,1,28,No,25
2770,1,13,No,89
2771,1,22,No,44
2772,1,12,No,52
2773,1,10,No,94
2774,1,45,No,98
2775,1,42,No,40
2776,1,16,No,25
2777,1,6,No,62
2778,1,28,No,24
2779,1,24,No,57
2780,0,14,No,66
2781,0,29,No,70
2782,1,33,No,39
2783,1,30,No,34
2784,1,26,No,38
2785,1,12,No,70
2786,1,13,No,80
2787,1,41,No,51
2788,1,4,No,79
2789,1,2,No,92
2790,0,28,No,85
2791,1,24,No,63
2792,1,14,No,60
2793,1,11,No,44
2794,1,27,No,57
2795,1,7,No,24
2796,1,49,No,35
2797,1,21,No,73
2798,1,10,No,42
2799,1,37,No,20
2800,1,9,No,89
2801,0,14,No,76
2802,1,30,No,56
2803,0,42,No,100
2804,1,31,No,44
2805,1,48,No,76
2806,1,48,No,97
2807,1,50,No,39
2808,1,10,No,100
2809,1,45,No,62
2810,1,27,No,98
2811,1,10,No,31
2812,1,19,No,89
2813,1,1,No,91
2814,1,39,No,50
2815,1,14,No,32
2816,1,40,No,67
2817,1,45,No,28
2818,1,6,No,65
2819,1,12,No,73
2820,1,19,No,27
2821,1,5,No,89
2822,0,37,No,72
2823,1,33,No,37
2824,0,47,No,63
2825,1,49,No,90
2826,1,28,No,62
2827,1,23,No,43
2828,1,11,No,96
2829,1,33,No,83
2830,0,47,No,67
2831,1,13,No,90
2832,1,4,No,53
2833,1,40,No,37
2834,1,19,No,56
2835,1,17,No,43
2836,1,7,No,84
2837,1,21,No,50
2838,0,44,No,88
2839,1,2,No,50
2840,0,30,No,80
2841,1,41,No,47
2842,1,31,No,33
2843,1,48,No,100
2844,1,41,No,26
2845,1,42,No,79
2846,1,39,No,77
2847,1,15,No,36
2848,1,3,No,21
2849,1,28,No,72
2850,1,27,No,25
2851,1,36,No,79
2852,0,42,No,73
2853,0,30,No,71
2854,1,9,No,48
2855,1,25,No,28
2856,1,33,No,95
2857,1,31,No,48
2858,0,35,No,93
2859,0,46,No,87
2860,1,29,No,32
2861,1,49,No,38
2862,1,27,No,54
2863,1,5,No,75
2864,1,18,No,56
2865,1,31,No,43
2866,0,27,No,97
2867,1,19,No,75
2868,1,33,No,55
2869,1,42,No,49
2870,1,16,No,58
2871,1,49,No,34
2872,1,40,No,43
2873,1,5,No,48
2874,1,8,No,40
2875,1,2,No,29
2876,0,14,No,81
2877,1,5,No,84
2878,1,34,No,46
2879,1,13,No,86
2880,1,31,No,57
2881,1,43,No,61
2882,1,6,No,90
2883,1,23,No,51
2884,1,10,No,48
2885,1,47,No,50
2886,0,14,No,82
2887,1,29,No,33
2888,1,12,No,28
2889,1,25,No,42
2890,1,21,No,43
2891,1,23,No,55
2892,1,10,No,73
2893,1,47,No,39
2894,1,44,No,20
2895,1,41,No,32
2896,0,29,No,86
2897,1,2,No,91
2898,1,2,No,59
2899,1,29,No,33
2900,0,22,No,64
2901,0,23,No,67
2902,1,46,No,43
2903,1,19,No,32
2904,1,24,No,39
2905,1,43,No,41
2906,1,14,No,53
2907,1,7,No,27
2908,0,50,No,82
2909,1,15,No,87
2910,1,40,No,78
2911,1,41,No,32
2912,1,34,No,38
2913,1,27,No,37
2914,1,12,No,83
2915,1,1,No,72
2916,1,39,No,30
2917,1,13,No,66
2918,1,50,No,45
2919,0,36,No,73
2920,0,31,No,67
2921,1,3,No,72
2922,1,11,No,24
2923,1,16,No,68
2924,1,12,No,70
2925,1,37,No,64
2926,1,43,No,91
2927,1,9,No,82
2928,1,15,No,24
2929,0,17,No,80
2930,1,42,No,53
2931,1,14,No,50
2932,1,49,No,31
2933,1,3,No,88
2934,1,28,No,52
2935,1,41,No,22
2936,1,11,No,27
2937,1,46,No,34
2938,1,15,No,39
2939,1,15,No,53
2940,1,34,No,46
2941,1,13,No,85
2942,0,27,No,86
2943,0,37,No,63
2944,1,37,No,44
2945,1,4,No,95
2946,1,1,No,49
2947,1,29,No,77
2948,1,50,No,63
2949,0,38,No,83
2950,1,15,No,93
2951,1,44,No,91
2952,0,14,No,99
2953,1,5,No,24
2954,1,11,No,82
2955,1,15,No,28
2956,1,46,No,67
2957,0,30,No,88
2958,1,2,No,70
2959,0,28,No,100
2960,1,9,No,28
2961,1,47,No,48
2962,1,21,No,43
2963,1,42,No,40
2964,0,28,No,97
2965,1,13,No,25
2966,1,25,No,45
2967,1,38,No,49
2968,1,40,No,36
2969,1,25,No,48
2970,1,20,No,62
2971,0,44,No,74
2972,1,9,No,100
2973,1,11,No,39
2974,1,3,No,65
2975,0,34,No,99
2976,1,48,No,68
2977,0,28,No,97
2978,1,20,No,47
2979,1,49,No,56
2980,0,14,No,91
2981,1,9,No,93
2982,1,37,No,36
2983,1,4,No,45
2984,1,1,No,44
2985,1,36,No,32
2986,1,21,No,36
2987,0,16,No,85
2988,1,42,No,36
2989,1,31,No,55
2990,1,6,No,20
2991,0,24,No,91
2992,1,7,No,71
2993,0,25,No,64
2994,1,18,No,21
2995,1,14,No,100
2996,0,42,No,96
2997,1,6,No,91
2998,1,14,No,40
2999,1,30,No,53
3000,1,10,No,48
3001,1,7,No,70
3002,1,28,No,29
3003,1,19,No,29
3004,1,13,No,53
3005,0,23,No,79
3006,1,5,No,65
3007,0,17,No,99
3008,1,31,No,60
3009,0,19,No,86
3010,1,8,No,73
3011,1,15,No,45
3012,1,18,No,70
3013,1,16,No,65
3014,1,13,No,55
3015,1,38,No,65
3016,1,27,No,21
3017,1,31,No,26
3018,0,24,No,71
3019,1,21,No,41
3020,1,15,No,44
3021,1,48,No,81
3022,1,47,No,77
3023,1,23,No,26
3024,1,4,No,31
3025,1,47,No,82
3026,1,7,No,60
3027,1,6,No,70
3028,1,47,No,26
3029,1,7,No,100
3030,1,1,No,82
3031,1,23,No,24
3032,0,30,No,74
3033,1,24,No,58
3034,1,9,No,56
3035,1,25,No,37
3036,0,18,No,64
3037,1,7,No,58
3038,1,2,No,44
3039,1,36,No,39
3040,1,31,No,48
3041,1,10,No,32
3042,0,27,No,79
3043,1,14,No,27
3044,0,17,No,98
3045,1,10,No,67
3046,1,4,No,37
3047,1,25,No,49
3048,1,3,No,74
3049,0,47,No,93
3050,1,41,No,60
3051,1,28,No,76
3052,1,49,No,64
3053,1,7,No,38
3054,0,22,No,91
3055,0,34,No,70
3056,1,5,No,22
3057,1,15,No,59
3058,1,26,No,22
3059,1,3,No,74
3060,1,42,No,71
3061,1,1,No,80
3062,1,20,No,59
3063,0,39,No,96
3064,1,24,No,43
3065,1,49,No,76
3066,1,7,No,59
3067,1,13,No,48
3068,1,2,No,22
3069,1,4,No,40
3070,1,17,No,73
3071,1,43,No,26
3072,1,6,No,41
3073,1,46,No,98
3074,1,7,No,63
3075,1,34,No,55
3076,1,21,No,90
3077,1,13,No,46
3078,0,33,No,88
3079,0,24,No,95
3080,1,4,No,31
3081,1,5,No,42
3082,1,11,No,44
3083,1,20,No,99
3084,1,28,No,20
3085,1,43,No,37
3086,1,10,No,50
3087,1,26,No,73
3088,0,29,No,84
3089,1,35,No,64
3090,1,23,No,21
3091,1,15,No,36
3092,1,46,No,81
3093,1,14,No,54
3094,1,17,No,63
3095,1,9,No,59
3096,1,13,No,53
3097,0,20,No,63
3098,1,39,No,33
3099,1,50,No,64
3100,0,21,No,98
3101,1,3,No,85
3102,1,9,No,82
3103,0,29,No,85
3104,1,42,No,37
3105,1,41,No,56
3106,1,17,No,33
3107,1,20,No,57
3108,1,18,No,31
3109,1,7,No,69
3110,0,47,No,92
3111,1,2,No,46
3112,1,25,No,81
3113,1,26,No,97
3114,1,2,No,93
3115,1,45,No,56
3116,1,9,No,53
3117,1,1,No,66
3118,1,4,No,50
3119,1,31,No,97
3120,1,21,No,79
3121,0,32,No,76
3122,1,16,No,38
3123,1,34,No,45
3124,0,40,No,77
3125,1,4,No,51
3126,1,3,No,26
3127,0,28,No,76
3128,1,43,No,94
3129,1,20,No,32
3130,1,40,No,20
3131,1,34,No,20
3132,1,11,No,59
3133,1,26,No,97
3134,0,29,No,68
3135,0,47,No,66
3136,0,48,No,85
3137,1,29,No,32
3138,1,14,No,44
3139,1,40,No,95
3140,1,4,No,85
3141,1,37,No,44
3142,1,47,No,30
3143,1,1,No,21
3144,1,26,No,22
3145,1,12,No,70
3146,1,16,No,29
3147,1,19,No,83
3148,0,21,No,99
3149,1,15,No,35
3150,1,9,No,40
3151,1,7,No,25
3152,1,47,No,64
3153,0,17,No,90
3154,0,46,No,88
3155,1,32,No,55
3156,1,34,No,90
3157,1,18,No,50
3158,1,5,No,34
3159,0,44,No,77
3160,1,4,No,89
3161,0,37,No,87
3162,0,43,No,77
3163,1,28,No,85
3164,0,36,No,66
3165,1,16,No,32
3166,1,38,No,92
3167,0,37,No,80
3168,1,9,No,78
3169,1,14,No,24
3170,1,3,No,59
3171,1,10,No,41
3172,1,26,No,26
3173,1,30,No,52
3174,1,32,No,46
3175,1,35,No,52
3176,1,26,No,42
3177,1,39,No,37
3178,1,31,No,52
3179,1,28,No,34
3180,1,12,No,88
3181,0,46,No,88
3182,1,27,No,51
3183,1,4,No,97
3184,1,14,No,56
3185,1,30,No,53
3186,1,6,No,71
3187,1,43,No,93
3188,0,28,No,72
3189,1,39,No,59
3190,0,30,No,87
3191,1,5,No,78
3192,1,42,No,68
3193,0,20,No,76
3194,0,35,No,99
3195,1,10,No,52
3196,1,36,No,58
3197,1,21,No,59
3198,1,29,No,71
3199,0,39,No,94
3200,1,16,No,40
3201,1,32,No,24
3202,1,34,No,38
3203,1,38,No,37
3204,1,14,No,29
3205,0,23,No,92
3206,1,50,No,24
3207,1,49,No,52
3208,1,14,No,29
3209,1,42,No,30
3210,1,39,No,31
3211,0,43,No,67
3212,1,12,No,65
3213,1,21,No,22
3214,1,33,No,56
3215,1,6,No,78
3216,1,10,No,90
3217,0,18,No,85
3218,1,46,No,58
3219,1,49,No,34
3220,1,39,No,40
3221,1,16,No,29
3222,1,28,No,76
3223,1,22,No,84
3224,0,36,No,65
3225,0,18,No,80
3226,0,31,No,98
3227,0,38,No,71
3228,1,42,No,69
3229,1,27,No,95
3230,0,24,No,67
3231,1,38,No,49
3232,1,9,No,97
3233,1,19,No,34
3234,1,11,No,74
3235,1,16,No,96
3236,0,18,No,68
3237,1,8,No,84
3238,1,4,No,57
3239,1,37,No,84
3240,1,30,No,32
3241,1,37,No,37
3242,1,30,No,58
3243,0,17,No,74
3244,1,11,No,99
3245,1,42,No,81
3246,0,20,No,76
3247,0,37,No,98
3248,1,12,No,91
3249,1,41,No,79
3250,1,32,No,83
3251,0,15,No,90
3252,1,39,No,20
3253,1,48,No,21
3254,1,8,No,60
3255,1,11,No,31
3256,1,36,No,40
3257,1,50,No,26
3258,1,39,No,98
3259,1,11,No,51
3260,1,5,No,95
3261,1,7,No,36
3262,1,50,No,52
3263,1,21,No,35
3264,0,31,No,68
3265,1,39,No,50
3266,0,28,No,100
3267,0,33,No,74
3268,1,42,No,45
3269,1,5,No,97
3270,1,25,No,60
3271,1,48,No,25
3272,1,30,No,55
3273,1,34,No,99
3274,1,34,No,45
3275,1,14,No,20
3276,1,2,No,88
3277,1,41,No,99
3278,1,3,No,86
3279,0,18,No,70
3280,1,1,No,50
3281,1,5,No,57
3282,1,41,No,69
3283,1,5,No,94
3284,1,10,No,24
3285,1,20,No,79
3286,1,11,No,31
3287,1,4,No,67
3288,0,38,No,63
3289,0,19,No,61
3290,1,16,No,50
3291,1,2,No,82
3292,1,11,No,51
3293,1,18,No,23
3294,0,47,No,91
3295,1,15,No,60
3296,1,15,No,34
3297,1,47,No,23
3298,0,47,No,82
3299,1,6,No,73
3300,1,18,No,32
3301,0,40,No,80
3302,1,31,No,58
3303,0,31,No,82
3304,1,4,No,60
3305,1,36,No,79
3306,1,31,No,41
3307,1,6,No,39
3308,1,1,No,36
3309,0,29,No,70
3310,1,19,No,47
3311,1,12,No,27
3312,1,18,No,52
3313,1,45,No,75
3314,1,45,No,30
3315,1,8,No,94
3316,1,4,No,68
3317,1,5,No,45
3318,1,30,No,67
3319,1,15,No,46
3320,1,17,No,31
3321,1,45,No,44
3322,1,3,No,100
3323,0,43,No,92
3324,1,4,No,78
3325,1,41,No,32
3326,0,16,No,97
3327,1,10,No,95
3328,1,2,No,64
3329,1,11,No,35
3330,1,1,No,54
3331,1,41,No,96
3332,1,39,No,58
3333,1,1,No,23
3334,1,3,No,35
3335,1,21,No,23
3336,1,48,No,94
3337,1,24,No,45
3338,1,45,No,23
3339,0,46,No,94
3340,0,35,No,99
3341,1,47,No,36
3342,1,35,No,50
3343,0,45,No,81
3344,1,6,No,31
3345,1,20,No,48
3346,1,3,No,91
3347,1,30,No,99
3348,0,28,No,70
3349,1,15,No,74
3350,1,29,No,79
3351,1,15,No,33
3352,1,18,No,49
3353,1,7,No,96
3354,1,19,No,66
3355,1,15,No,45
3356,1,3,No,28
3357,1,13,No,48
3358,0,37,No,67
3359,1,26,No,59
3360,0,29,No,74
3361,1,47,No,81
3362,1,47,No,26
3363,0,48,No,61
3364,1,46,No,23
3365,1,7,No,33
3366,1,45,No,58
3367,1,47,No,65
3368,1,6,No,48
3369,1,29,No,25
3370,1,42,No,51
3371,1,46,No,31
3372,1,28,No,99
3373,1,14,No,25
3374,1,12,No,52
3375,1,41,No,47
3376,1,8,No,98
3377,1,24,No,46
3378,1,18,No,32
3379,1,6,No,75
3380,1,40,No,51
3381,1,6,No,52
3382,1,27,No,66
3383,1,2,No,35
3384,1,39,No,43
3385,1,9,No,24
3386,1,16,No,83
3387,1,36,No,62
3388,1,2,No,78
3389,0,21,No,61
3390,1,39,No,57
3391,1,38,No,70
3392,1,6,No,57
3393,1,6,No,74
3394,0,50,No,90
3395,1,9,No,98
3396,1,15,No,43
3397,1,5,No,37
3398,1,13,No,38
3399,1,44,No,60
3400,1,36,No,55
3401,1,18,No,51
3402,0,39,No,71
3403,1,11,No,61
3404,1,1,No,65
3405,1,34,No,34
3406,0,47,No,87
3407,1,24,No,79
3408,1,20,No,46
3409,1,11,No,72
3410,1,3,No,93
3411,0,38,No,76
3412,1,45,No,56
3413,1,31,No,83
3414,0,16,No,90
3415,1,3,No,94
3416,1,15,No,68
3417,1,11,No,53
3418,1,22,No,35
3419,1,35,No,30
3420,1,5,No,26
3421,1,35,No,60
3422,1,27,No,30
3423,1,9,No,91
3424,0,21,No,71
3425,0,23,No,64
3426,1,3,No,54
3427,1,31,No,35
3428,1,44,No,38
3429,0,20,No,69
3430,0,34,No,96
3431,1,17,No,73
3432,1,20,No,49
3433,1,46,No,44
3434,1,28,No,93
3435,1,6,No,72
3436,0,50,No,91
3437,0,41,No,83
3438,1,50,No,62
3439,0,33,No,71
3440,1,25,No,93
3441,1,2,No,63
3442,1,15,No,96
3443,1,12,No,78
3444,1,28,No,24
3445,1,12,No,63
3446,1,3,No,58
3447,1,20,No,55
3448,1,3,No,58
3449,1,32,No,28
3450,1,35,No,37
3451,0,31,No,78
3452,1,13,No,73
3453,1,3,No,20
3454,1,48,No,60
3455,0,15,No,71
3456,1,13,No,89
3457,1,21,No,53
3458,0,29,No,87
3459,1,24,No,37
3460,1,21,No,37
3461,1,5,No,78
3462,1,47,No,23
3463,1,34,No,73
3464,1,45,No,27
3465,1,12,No,59
3466,1,31,No,53
3467,1,43,No,42
3468,1,5,No,45
3469,1,36,No,89
3470,1,12,No,85
3471,0,31,No,69
3472,0,31,No,66
3473,1,15,No,42
3474,1,11,No,40
3475,0,18,No,82
3476,1,9,No,88
3477,1,11,No,99
3478,0,38,No,85
3479,1,42,No,57
3480,1,41,No,56
3481,0,45,No,79
3482,0,41,No,67
3483,0,35,No,61
3484,1,21,No,37
3485,1,13,No,75
3486,1,23,No,21
3487,1,6,No,89
3488,1,39,No,24
3489,1,7,No,27
3490,1,32,No,26
3491,1,43,No,82
3492,1,15,No,28
3493,1,48,No,65
3494,0,35,No,82
3495,1,41,No,38
3496,1,14,No,33
3497,1,22,No,38
3498,1,16,No,48
3499,1,2,No,35
3500,1,13,No,29
3501,1,38,No,48
3502,0,43,No,87
3503,1,26,No,62
3504,0,39,No,96
3505,1,50,No,41
3506,1,40,No,42
3507,1,12,No,57
3508,1,33,No,65
3509,1,49,No,54
3510,1,43,No,22
3511,0,14,No,96
3512,1,21,No,81
3513,1,31,No,46
3514,0,29,No,74
3515,1,32,No,50
3516,0,16,No,80
3517,1,38,No,56
3518,1,34,No,69
3519,1,30,No,97
3520,0,14,No,66
3521,0,33,No,70
3522,1,35,No,50
3523,1,13,No,85
3524,1,30,No,59
3525,0,30,No,74
3526,1,47,No,38
3527,1,1,No,99
3528,1,1,No,97
3529,1,33,No,67
3530,1,43,No,20
3531,1,37,No,45
3532,1,23,No,52
3533,1,12,No,68
3534,0,30,No,98
3535,1,7,No,83
3536,1,20,No,51
3537,1,10,No,21
3538,1,40,No,92
3539,0,21,No,63
3540,1,17,No,56
3541,1,5,No,95
3542,1,22,No,66
3543,1,5,No,28
3544,1,18,No,83
3545,1,42,No,55
3546,1,22,No,28
3547,0,37,No,79
3548,1,23,No,31
3549,1,47,No,37
3550,1,11,No,34
3551,0,32,No,74
3552,1,20,No,31
3553,1,3,No,66
3554,0,32,No,99
3555,1,5,No,55
3556,1,45,No,23
3557,0,43,No,88
3558,1,1,No,26
3559,1,9,No,94
3560,1,13,No,25
3561,1,5,No,96
3562,1,39,No,29
3563,1,7,No,36
3564,1,8,No,90
3565,1,40,No,38
3566,1,35,No,52
3567,0,14,No,88
3568,1,26,No,56
3569,1,14,No,71
3570,1,9,No,94
3571,1,32,No,97
3572,1,15,No,27
3573,1,25,No,28
3574,0,27,No,67
3575,1,39,No,70
3576,0,49,No,95
3577,1,12,No,24
3578,1,13,No,35
3579,1,22,No,22
3580,1,19,No,66
3581,1,3,No,83
3582,0,50,No,95
3583,1,15,No,41
3584,1,44,No,77
3585,1,48,No,52
3586,1,4,No,41
3587,1,12,No,28
3588,1,33,No,90
3589,1,40,No,55
3590,1,38,No,73
3591,1,19,No,87
3592,1,38,No,89
3593,0,18,No,82
3594,0,24,No,80
3595,1,29,No,87
3596,1,14,No,41
3597,0,44,No,83
3598,1,18,No,71
3599,0,19,No,76
3600,1,4,No,34
3601,0,25,No,81
3602,1,3,No,47
3603,1,40,No,36
3604,1,5,No,51
3605,1,17,No,86
3606,1,36,No,41
3607,1,41,No,90
3608,0,20,No,93
3609,1,2,No,56
3610,1,31,No,39
3611,0,23,No,86
3612,1,30,No,82
3613,1,26,No,29
3614,1,40,No,27
3615,1,19,No,25
3616,1,4,No,31
3617,1,33,No,23
3618,1,29,No,47
3619,0,47,No,67
3620,0,50,No,75
3621,0,28,No,82
3622,1,5,No,32
3623,1,12,No,41
3624,1,4,No,89
3625,0,22,No,82
3626,0,32,No,99
3627,1,32,No,98
3628,1,48,No,54
3629,0,35,No,88
3630,1,44,No,43
3631,0,29,No,73
3632,1,26,No,50
3633,1,3,No,73
3634,1,1,No,51
3635,1,17,No,22
3636,1,17,No,32
3637,1,36,No,38
3638,0,32,No,66
3639,1,50,No,20
3640,1,39,No,44
3641,1,17,No,31
3642,1,39,No,45
3643,1,5,No,71
3644,1,47,No,96
3645,1,18,No,32
3646,1,31,No,90
3647,0,39,No,68
3648,1,12,No,45
3649,0,45,No,67
3650,1,33,No,57
3651,1,3,No,60
3652,1,5,No,32
3653,1,23,No,29
3654,1,39,No,20
3655,1,10,No,98
3656,1,4,No,27
3657,0,18,No,67
3658,1,1,No,82
3659,0,18,No,72
3660,1,46,No,77
3661,1,13,No,74
3662,1,5,No,39
3663,1,11,No,80
3664,1,49,No,59
3665,1,1,No,68
3666,1,11,No,77
3667,1,47,No,50
3668,1,20,No,45
3669,1,18,No,71
3670,1,43,No,52
3671,1,4,No,50
3672,1,20,No,66
3673,1,7,No,81
3674,1,31,No,28
3675,0,41,No,65
3676,1,3,No,80
3677,0,16,No,94
3678,1,43,No,30
3679,1,29,No,45
3680,1,5,No,91
3681,1,30,No,36
3682,0,33,No,73
3683,1,46,No,60
3684,0,17,No,77
3685,0,47,No,86
3686,1,17,No,42
3687,0,17,No,70
3688,1,28,No,44
3689,1,8,No,91
3690,1,8,No,30
3691,1,4,No,23
3692,1,24,No,21
3693,1,29,No,34
3694,1,10,No,46
3695,1,11,No,41
3696,1,18,No,33
3697,1,26,No,48
3698,0,39,No,66
3699,1,4,No,54
3700,1,24,No,55
3701,1,2,No,84
3702,1,36,No,66
3703,0,36,No,65
3704,1,23,No,83
3705,1,36,No,61
3706,1,2,No,65
3707,1,17,No,55
3708,0,19,No,79
3709,0,41,No,96
3710,1,27,No,43
3711,1,32,No,40
3712,1,33,No,62
3713,1,24,No,72
3714,1,31,No,87
3715,1,35,No,31
3716,1,2,No,34
3717,1,42,No,53
3718,1,47,No,85
3719,1,44,No,50
3720,1,8,No,91
3721,1,13,No,56
3722,1,10,No,60
3723,1,1,No,34
3724,1,1,No,30
3725,1,18,No,71
3726,1,2,No,100
3727,1,36,No,85
3728,0,17,No,83
3729,1,1,No,31
3730,1,50,No,82
3731,1,3,No,79
3732,1,45,No,62
3733,1,28,No,92
3734,1,6,No,58
3735,1,33,No,88
3736,1,29,No,44
3737,1,2,No,56
3738,1,43,No,23
3739,1,48,No,45
3740,1,43,No,31
3741,0,26,No,96
3742,0,26,No,96
3743,0,50,No,80
3744,1,36,No,28
3745,1,26,No,51
3746,1,2,No,41
3747,0,49,No,99
3748,1,32,No,53
3749,1,3,No,25
3750,1,38,No,95
3751,1,5,No,88
3752,1,8,No,97
3753,0,43,No,81
3754,1,22,No,26
3755,1,10,No,41
3756,0,26,No,93
3757,0,42,No,69
3758,1,33,No,44
3759,1,23,No,54
3760,1,30,No,61
3761,0,36,No,80
3762,1,3,No,30
3763,1,13,No,94
3764,1,38,No,24
3765,1,19,No,21
3766,1,14,No,52
3767,1,43,No,59
3768,1,10,No,51
3769,1,34,No,35
3770,1,31,No,87
3771,1,34,No,42
3772,0,28,No,86
3773,1,35,No,26
3774,1,41,No,60
3775,0,48,No,83
3776,1,45,No,63
3777,1,10,No,25
3778,1,9,No,65
3779,1,30,No,60
3780,1,45,No,75
3781,1,41,No,57
3782,0,40,No,99
3783,1,42,No,45
3784,0,17,No,66
3785,1,4,No,53
3786,1,6,No,94
3787,1,22,No,47
3788,1,46,No,80
3789,0,27,No,65
3790,1,18,No,75
3791,1,31,No,45
3792,1,1,No,51
3793,1,2,No,58
3794,1,46,No,20
3795,0,27,No,82
3796,1,3,No,92
3797,1,47,No,81
3798,1,20,No,44
3799,1,23,No,72
3800,1,13,No,26
3801,1,12,No,26
3802,0,36,No,84
3803,1,1,No,72
3804,1,14,No,55
3805,1,45,No,77
3806,1,31,No,57
3807,0,41,No,71
3808,1,36,No,39
3809,1,6,No,28
3810,1,28,No,33
3811,0,29,No,79
3812,1,14,No,30
3813,1,7,No,75
3814,0,31,No,89
3815,1,26,No,95
3816,1,12,No,44
3817,0,45,No,86
3818,1,40,No,91
3819,1,42,No,41
3820,1,45,No,99
3821,1,34,No,65
3822,1,34,No,48
3823,1,17,No,41
3824,1,27,No,42
3825,1,31,No,26
3826,1,47,No,35
3827,1,25,No,31
3828,0,47,No,73
3829,1,8,No,82
3830,1,32,No,32
3831,1,33,No,27
3832,1,16,No,86
3833,1,27,No,38
3834,1,17,No,93
3835,1,17,No,59
3836,1,28,No,58
3837,0,38,No,84
3838,0,33,No,100
3839,1,24,No,25
3840,1,14,No,29
3841,1,5,No,42
3842,1,8,No,57
3843,0,42,No,84
3844,1,48,No,71
3845,1,40,No,87
3846,1,46,No,52
3847,1,40,No,58
3848,1,31,No,34
3849,1,39,No,60
3850,0,36,No,68
3851,1,25,No,74
3852,1,24,No,83
3853,0,19,No,79
3854,0,49,No,76
3855,1,4,No,20
3856,1,36,No,61
3857,1,8,No,78
3858,1,29,No,21
3859,1,26,No,77
3860,0,47,No,88
3861,1,44,No,64
3862,1,49,No,57
3863,1,9,No,49
3864,1,28,No,35
3865,1,1,No,99
3866,1,28,No,42
3867,1,33,No,32
3868,1,28,No,21
3869,1,9,No,29
3870,1,28,No,64
3871,1,19,No,46
3872,1,20,No,97
3873,1,3,No,94
3874,1,22,No,43
3875,1,33,No,54
3876,1,21,No,51
3877,1,7,No,85
3878,0,46,No,96
3879,1,24,No,42
3880,1,6,No,63
3881,1,40,No,20
3882,1,17,No,25
3883,0,24,No,95
3884,1,22,No,38
3885,1,3,No,29
3886,1,39,No,64
3887,1,40,No,92
3888,1,1,No,34
3889,0,14,No,69
3890,1,49,No,65
3891,1,33,No,81
3892,1,6,No,30
3893,1,5,No,86
3894,0,29,No,64
3895,1,44,No,78
3896,1,32,No,28
3897,1,41,No,49
3898,1,24,No,33
3899,0,24,No,77
3900,1,33,No,81
